id,name,symbol,totalSupply,tradeCount,creatorRevenueETH,totalRevenueETH
0x00000000001ba87a34f0d3224286643b36646d81,Dungeonized,DGZD,515,1294,1.321091501621890048,1.663028852027362545
0x0000000000771a79d0fc7f3b7fe270eb4498f20b,MCT: XEN batch mint NFT,MXENFT,825,13,0.050612,0.063512
0x0000000005756b5a03e751bd0280e3a55bc05b6e,Villagers of XOLO,XOLO,13941,2648,7.97151792038712225,12.795606729469571972
0x0000000010c38b3d8b4d642d9d065fb69bc77bc7,underground,ug,,307,92.565271100000000105,125.733019025000000105
0x000000029b293805168be8c126c794202e94b8db,LexicaWolf,Lexica Wolf,555,77,0.39265,0.7853
0x00000003e02101799c6d82dc467db1fbcb4d867f,Blarg,BLARG,1337,656,0.648791897195000001,0.973437845792500001
0x000000059619cdddc056910672abc90887136a95,SeKira,SKRA,3201,371,0.67363633099999902,0.84653753874999877
0x000001e1b2b5f9825f4d50bd4906aff2f298af4e,Imbued Art,IMBUED,200,1,0.005,0.00625
0x0002848f37f02ecedc6e8a2df41d4df7746032db,Degen Walkers,DGWL,111,130,0.695620000000000013,0.88745250000000001
0x0004477d30634b6c7343701fcf5a9c6867625e1b,,,,222,0.400357580000000009,0.548483225000000009
0x000690ad547ee1810b4a38ce4ad5237dfa001844,Debuggers,DEBUGGER,378,2,0,0.00045
0x000a682feeeffc5e56a58a3b015fb07665d8a979,Baliverse,BALIVERSE,8000,16,0.010900000000000002,0.017175000000000002
0x000be7ef33335c82996420a9d498eb5ae420c168,SpookAsem,SPOOK,,1,0.00125,0.0025
0x000deabc2305cd12083a05fd936d949a233b3f7c,Simulation ,SIMULATION,100,15,0,0.0083125
0x000e49c87d2874431567d38ff9548890ab39baac,Goobers,GOOBERS,14562,1339,3.360284978806420232,4.62057641853665708
0x00103f523c6b9fa039aa036cebfcad22102906f9,Pixel Chungos,PXL,406,9,0.0000275,0.0000275
0x0011792375cc4f17adea3651012b8baa7a6e1e55,BL3U by 0xtj0,BL3U,127,80,0.043538,0.0675975
0x0013643ad916f48807629e2ab85a96bfac854517,Guardians of Fuyuki,GFYU,333,1,0,0.000125
0x00139fdd8f2bb8b4376aab2435c44981ec34e7e0,Adventurers Of Ether,KOE,719,1,0.0015,0.00225
0x001400c1bfb953fc5a126e371f0a70dca1050595,Chapter 7: Candle by Micah Johnson,CHAPTERCANDLEBYMICAHJOHNSON,,134,1.181913500000000051,1.614454750000000051
0x0014234216e6af698f30055bcc5e7e818e38a21f,caTank Genesis NFT,cTG,142,58,0.0930429,0.115708625
0x001a61922be5ccf9870bf3ce06e77aa268a58e5f,Displays by Surreal,DSPM,,2,0.01665,0.030525
0x001ba0474ff8796a007afba716237fc5d2e8299e,A FIRE BURNS...,AFB,888,1551,4.119477737453192335,5.570869008271423071
0x001c0a17ca7cc4487364bde02060ddcb11d8326d,Creature World Drafts,CWD,,1,0.000000000000000001,0.056250000000000001
0x001f561c73555005a7f22e2ae9cb785cf37cc3b9,Dawn Samurai,DS,268,485,0,0.1133146494
0x0022a2937cb0748f7444e46b6ab5a792a4012024,Diary of 88,DO88,,1,0,0.001
0x0023923d3cd59f30666c16d70a90bbb640c1370a,X Moose NFT,XMS,1111,75,0.450319000000000016,0.896364000000000016
0x0027fcb9c3605f30bfadaa32a63d92dc62a94360,TheEnigmaEconomyV4,ENGv4,5575,391,4.515922499999895534,5.781448749999868034
0x0028dfe7c1f1f49c88b6f18e304cc24e918dae36,DecentraDegens,DD,103,4,0.0201,0.025125
0x0029df988673ab4505f621bf2ca88b4cced8cc86,crashblossom,crash,,13,0.000000000000000008,0.262750000000000008
0x002aa2e4d88f0251bbda221e64139d0bea6c77fc,DORK 23,D23,,3,0.000000000000000003,0.009000000000000003
0x002ac953807656da4e3bc4d4b8b9723bde786a11,Kongonauts,KNGNT,101,1,0.00105,0.0018
0x002c2ecf692dabea726d9129f2794c011d280c5b,DWARFHOUSEWTF OFFICIAL,DHWTF,706,1,0,0.0001125
0x002ea266c98230c67d0029d14706e509f9150075,WaitaraChip,waitarachip,,54,0.000000000000000002,0.080365000000000002
0x00301bd78838357297ad3ac8d048249d869511f3,Otaku,ODA,333,24,0.019459998999999999,0.029189998499999998
0x0034dc09c4f52557898aea215d74d690a05768a4,,,,2,0.005000000000000001,0.006345000000000001
0x00357d0000a81e1700755830007ca49100007f00,‚¨õüü©‚¨õ,‚¨õüü©‚¨õ,64,1,0.000000000000000001,0.075000000000000001
0x0037c62b174c7004c8de33d2e5312d609f0fd60a,,,,6,0,0.0075
0x0038e27cb6949077ec64267588689944e8f55260,,,,35,0.000000000000000025,0.024500000000000025
0x003d03980d2d4332e5f92e54905a694c614df36f,jon and vinny's ft. Lackhoney,GRADY,35,8,0.041850000000000002,0.041850000000000002
0x003ed3a4e2e9a4a91a56dc2adccb9d23cc0e3851,GHGHouse,GHGHOUSE,650,37,0.118950000000000005,0.159795000000000005
0x0044788e0f3829a882c77f012a7924651fa64f4a,SDTHKO: Abstract Abscession,SDKAA,,40,0.243199990000000013,0.321074987500000013
0x0046ac5ad2de7d5c9aebecf67751cb7e0865a0eb,Los Pepes NFT,LOSPEPES,198,5,0.000675000000000002,0.001700000000000002
0x0047f099d41353993a95fbcd7cc414042b916513,Mousy Mice,MCE,723,2,0.00505,0.00505
0x0048309a970094a68ef7eb56a561302c08c91898,Crypto Lords,LORD,5000,3,0.0000775,0.0001025
0x004982ddbef3b07db5f767ca75658a7d3498c504,SpermNFT,SPERM,1000,921,22.384085121212100007,27.993001401515125007
0x004c96b9456170b403cc2076941e869708dbf8f9,Fertile Lands,FERTILE,1795,1146,0.866918636958999779,1.084479546198749702
0x004cf82a346a71245193075a9b91f4329180766d,The Diesel x neuno Alpha Drop,dieselxneuno,279,87,0.166168335555555559,0.208748169444444447
0x004e13d838155a81b3cd26802c73c250eb7893b4,Mirror Pass NFT,CC,246,5,0,0.0249725
0x004e346aff27e473d82fba0e19bca229ec645547,,,,39,0.005000000000000014,0.057000000000000014
0x004ed602c425b0975b575f325e8867ad93994c5f,H E L L B U D S,HELL,444,1,0,0.00035
0x004f5683e183908d0f6b688239e3e2d5bbb066ca,Hall Of Fame Goat Lodge,HOFG,10000,694,0.432719137000000147,1.019810668967500132
0x005327e0817a017259056fb51defd11088b41e05,VenShiba,VNS,,2,0.01489999999999,0.0186249999999875
0x00536a74b1c62b3f2f44ffbbf9c76cd71b32ec3a,Dreams: Humanoids,DREAMS,106,84,0.03483513174073993,0.04802822924079548
0x00536fbd116bdb545b6364d00c84745993fc736f,,,,41,0.260985000000000009,0.381220000000000009
0x005411b5806229e6498df15a6df173bf8fc2be18,Ghosts On Bitcoin,GOB,19,7,0.055450000000000002,0.056205000000000002
0x00564311feae30705f550534d4184382402ea9fe,Chris Lake,LAKE,,1,0.01,0.0125
0x005b7c5a12d7bc8346d7427b093f579d3ff0eede,OwlsOfBushido,OWLS,113,128,0.014752899998900001,0.046390447218572201
0x005c0a6ace062d0d8288182aee588bdce915691a,MagicalMutts,MM,1111,66,0.008575000000000058,0.177112500000000058
0x005c1cfc36e5ec711bcac7eddbde7898fb332b47,Cloud10 Open Edition by Diplo x FriendsWithYou,CLOUDOPENEDITIONBYDIPLOXFRIENDSWITHYOU,262,6,0,0.02022500025
0x005d286a04910bcd8ccd4292697f11fda98311ab,Ray Ray,NFTASRR,13,1,0,0.003125
0x005e6b6776108f4c9e9c5c1259b9554036f8d55e,ProjectGPT,GPT,1691,21,0.002067000000000011,0.002408000000000011
0x005efb3633638dd0dd336ce671920bccb1ea82bd,Banned From The Internet by Slime Sunday,BANNEDFROMTHEINTERNETBYSLIMESUNDAY,16,1,1,1.25
0x00651d158ec40a02769e926985694daa1652fd1c,PUMA NitroPass,PUMApass,934,28,0.03407,0.0425875
0x006576647b64fa8234237a1b2b0e884c33776a5a,Ghost Skulls Afterworld,GSA,1624,11,0.01536,0.02016
0x00661858b4a0372705be6ccc4b1312e2839191da,the sons of btches,tsob,,137,0.080613390000000001,0.110321140000000001
0x00664377c6d191ef4e45380d00f4ce08297855af,REXBITS,RXBT,4321,47,0.000000000000000047,0.000000000000000047
0x0066504c088c8696f37bd938e1b63ca5f88512e8,GM,GM,,2,0.0382,0.04775
0x00685d893ba63f1986043c327f9f226aebc442b3,Emancipation,Loop,,6,0,0.0105
0x006af875fa1312fb2f71507bfa3ed95227fc43c4,AKC Bullshit,akcbullshit,,9,0.000000000000000001,0.026600000000000001
0x007029dfb0bc69df0303e48d3e458efa3db6d98f,SSA INTERNATIONAL,SSA,425,1076,0.905146182334139045,1.244949301024902971
0x007223708b82f8e94307c1b004f8c1bd9d26b232,Budweiser Royalty X Fase Yoda,ROYALTY,500,3,0.000000000000000001,0.001000000000000001
0x00723c39194f7f449be736da0d1c4ec809dde793,YouAreTheChampion,YATC,520,62,3.905171000000000003,11.238521000000000003
0x00758fb0c83a68b6ce4fcf1d2665600f3f0e4570,Juicebox Frens,JBF,6969,826,0.61094111574989609,0.842327726890996088
0x007651fe8693c5247e45f66f378ebb2d5c372e70,Coin Critters Vol. 2,CCV2,469,38,0.012872223,0.0174694455
0x00790caa0331e4d92417458978b635061fec0ba8,Bird Samurai,BS,666,1,0,0.00035
0x007af8ab4f1933c1e1512f344f132d0502b2ef33,STAPLEVERSE - BIG APPLE GUILD,,,9,0.425000000000000006,1.082250000000000006
0x007b3d01c7f7249b8f9803f74b83232f1391b54c,Firework in Geometry,Firework in Geometry,341,37,0.008991,0.011988
0x007bb386e802c79138e059ddc580c34ff9c22926,PIXELME BY JOJOTOELECTRICO,PXME,,11,0,0.00525
0x007c9aa9dd9d0cc266e9d693bf0b1bb4ffade134,Smurfs City,SC,157,83,0.000000000000000002,0.532526500000000002
0x007e9a6543247e5360b8cb85e9d96228d387fd36,,,,203,0.010000000000000005,0.064530500000000005
0x007f8f8ba11b75ca7030ed563eb7ca1a16f966ec,illaz,ILLAZ,,156,0.038948639993,0.069429889993
0x008051e6a1c7f7253443917a569236c12cbbb1d1,WeinerFish,WF,2800,1,0.000055,0.00008
0x00808c4201db673c00950b291ecd23bb9c1c6b0f,Turf Objects,TURF_OBJ,,58,0.043865000000000007,0.075422500000000007
0x0081571c56971098d8b319048909114924d0eb6c,FrenchBeef,BEEF,500,13,0.0017505,0.002334
0x0084837cc386150e56c0e93f2e59469579da5443,BUGCITY,BUG,916,174,0.390334500000000005,0.589859500000000005
0x0087b7e60ecdd5f3b711d205484f5010cef47729,Shadow of the Ninja,SotN,20,12,0.0000068,0.0039643
0x0088e3dfd8683bfa15438101c567d514970f923f,Limited Editions by Roman K√§gi,ROMAN,,6,0,0.0045
0x008a9dfaf4f8e6636aa1817aa97a3b6adfa5de91,Baghodling Badgers,BHB,999,258,0.0732793361,0.10981900415
0x008c69e0c66ebd4b228d27f2162ad54ab1b7dde1,BIG3 Ownership,BIG3,570,74,15.795895555555555579,23.074869444444444465
0x008ed2d38d6cdd6fa74ff081a70b15f77d92da05,PixelCatClub,CAT$,1500,47,0.016540500000000005,0.027709750000000005
0x00934b20166b0ab024ec0e6384b4d2470180ebf1,Pikachu Ape Yacht Club,PAYC,383,2,0.0009,0.001275
0x009698f70d02aa9455e98deefe5044f17505c9f2,Landscapes by Bartoli,LANDS,101,1,0.00001,0.0000125
0x009c5b7ff119972e3437b51c4f94addb8dbb2bcd,,,,173,1.442140900000000055,1.957546275000000055
0x009ddd43c96aa39e043a3e89cc87853e60fe32fa,Ape_Warrior,AW,50,55,0,0.499905
0x009f61b002ad2265f8678e7b6778dd32083abea8,MadFlowerz,MDFZ,348,2,0,0.000125
0x00a3173db1c2383a7736914dce23b00865c54980,CNPES Generative,CNPES,1565,11,0.0070372,0.0087965
0x00a4d8e91d92595972ea5810537d87eb664f5bcd,Badlanders,Badlanders,1551,40,0,0.00079725
0x00a52503faff391507fc90a2f931f8f61f67d816,Dieu Merci,DMT,86,7,0.000310000000000001,0.000712500000000001
0x00a5785ab774c45daa62824b460d972ec4e26d0a,CryptoNinja Yacht Club,CNPYC,461,18,0,0.004385
0x00a5f2f1682b358a23fb1c9ce04624a35b55c119,,,,1,0.00165,0.0044
0x00a7360fd4e4209d39ebbaf51b93a29dd93738e0,NODIE,,199,170,0.513790000000000002,0.738632500000000002
0x00a7c81a7a50212de4f5c0a7d4c0ed79229fefdd,Sekai,SEKAI,5000,63,0.0122439,0.015304875
0x00abdb2fbbc763b6b4a8700e10550ad74dac4d43,Bibiz,BIBIZ,6969,1355,2.335016100398960206,3.281157147644960203
0x00afaaa9635c9c40015ec31f3f2bb1b10c766e58,Probably Something Lifeboat Passes,LBOAT,63,394,3.378840583472222179,4.324804289340277709
0x00b218b99e563c6608f1021ca201ccd5b4f96d1d,Avium Founders' Pass,AFP,292,275,21.277458574086432088,28.179243292608040088
0x00b3636eea1f4c4fc2ff98bd8934d2874fc8da53,ButteredCat,BC,883,1,0.0001725,0.00023
0x00b3e138c6e4b233e5dded8cfed200f0c82b536c,The Boy who lost his mind Open Edition by Boss Logic,THEBOYWHOLOSTHISMINDOPENEDITIONBYBOSSLOGIC,,2,0.0138,0.01725
0x00b469e0703710c65db9af22e7451f4d4d2ffdee,Professors Mint Pass,PROFSPASS,,71,0.045135000000000001,0.056543750000000001
0x00b784c0e9dd20fc865f89d05d0ce4417efb77a9,MintersWorld,MTR,356,599,0.930898217000000055,1.735833564500000054
0x00bccea7a6c4c4ec74a8a07c982b95e59c1760aa,,,,9,0,0.0111385
0x00bf9fdb90cd726941244d82b90ce7bb237e7799,Broken Balloon Dog (BLUE) by Devotion,BBBD,,1,0,0.000012
0x00c2638d3e63bbedf204f16d46b866d6fd404364,mmoonstudios,mmoon,,1,0.000000000000000001,0.002500000000000001
0x00c30e9d200718837c0901fec7b1517c109b3bb9,UNCOMMON GALLERY x Baby Shark 2022 Stamp,UGBS2022,399,1,0.0000015,0.0000015
0x00c396383400a1ef2eb401052dbf5d989b2da481,Cypher City,CYPHER,8888,134,0.031105025000000009,0.056205847500000009
0x00c50293025e3dc7745650282d6451dca9dad737,DOGEDOGE,DOGEDOGE,2000,1977,3.584804744144335269,4.814789688869079927
0x00c6a7b65ae0bb8aeaefb5b68a35f6458439bb77,STEAMPUNK,STEAMPUNK,104,10,0,0.001
0x00c6c5e5c7c3be547f15b8a9e7de4de5e2b2a4ba,Prive OG,POG,606,148,0.413823500000000023,0.652630500000000023
0x00ca161a0b2277ecffc1a495c3b2980ed9909984,Mood Landscapes,MLAND,,140,0.01,0.045
0x00ccc5fe33fa66847082af413d4a8700cd7cde16,Wen Rug Pull,WENRUGPULL,2957,5,0,0.001105
0x00cdc65065248e046fbace13745c8e0a82593372,ButtPunks,BUTTS,2604,30,0.047669999995000001,0.075254999992500001
0x00ce2bdcea2dfbf66b082ad2119e893d407fb567,Grateful (Demo),GR8FLDMO,36,3,0.00599,0.00599
0x00ce538f93d76ba2abcbb12b51f71420fd0280ed,Little Wolf,LW,100,1,0.000000000000000001,0.000025000000000001
0x00cfc937b1e2e32a922c418ef5cc4bedb5c943ec,whaledrop,WPNFT,889,5,0.000615000000000001,0.001422500000000001
0x00cfd8a2ed2151bde14465beae4abf838eb1976a,Little Pixel Doods,Doods,,36,0.002705354938271606,0.012652007474922844
0x00d07c53e70338c376cf6ab2a5218d8643115084,Postereum 3,PEV3,822,19,0.000000000000000002,0.017050000000000002
0x00d1a09205bbd5a2ea35524afafb41aa2d5e423e,Proxcity,PRXCTY,1092,50,0.063645000000000006,0.096137500000000006
0x00d1f83ac925dd533adf791d08f92c6aca74bd91,Lifestory Planets,LIFV,440,229,4.917220798800000057,6.493436773500000054
0x00d63a58558f5e431b89984cea5a3a8ba7847e6a,NFT LAND by Satoshi‚Äôs Mom,NFTLAND,,1,0.000000000000000001,0.000500000000000001
0x00d67c871344f9f9a0fe5efaa0a4cdca71f05e6b,Weed Gang Presents,WGP,,9,0.000000000000000002,0.002292475000000002
0x00d98586f3af8e9652950f27e44694a880c39633,Saltyverse,SV,,15,0.008797500000000001,0.011855000000000001
0x00dad08dc49a45cefa4edc1f2cb000688e3ef1f3,Check Yourself,CHKUS,,6,0.000147,0.000147
0x00db41e6b9d4ebc983f2f8f6dd8fcca5ab2eaa38,Call to Meme,CTM,,46,0.000000000000000028,0.024583750000000028
0x00dca92b7fbd0c01f3508756718807836ec82156,Gotcha Gatcha,GG,154,625,0.815601282155551656,1.195854137680802397
0x00df307149490187ccdcbdb8ba4a376c2679aeff,Lionking Roar,LR,1830,19,0,0.043735
0x00e09f606202dbb5995b15d08a4df0efe6d05fa3,Doodle,DDL,1,1,0,0.005
0x00e10a98958700dcd23c2b5e8ad1bf98d52c439a,MetaApeSociety,MAS,100,1,0,0.0025
0x00e247a340364a05a0a7f6a951cf2dc6d6e82025,Lux3 APEX,APEX,373,1755,0.886152838207408401,1.221956422349339966
0x00e262ac0648b3478c0751afc6febeac320b1370,Probably Nothing Genesis NFT,OGPN,622,32,0.769210000000000007,0.984037500000000007
0x00e3ec1f55ce4f86cf7ac2bac8c0876a276e78d2,LarvaDads,LDAD,5000,9,0,0.0004875
0x00e699bb8d011585e6429fc2f2550743a38d7f8f,CryptoPuppets,CPPT,111,2,0.033600000000000001,0.075350000000000001
0x00ea2894fe840f105ab99a8f8f75b1f17e94843a,Drug Receipts,DRx,10000,1918,3.947350630595296713,6.282541175892944859
0x00ecc89e1524e0b57da417c198f69692c64566c4,„Äá,Checks,,3,0.000070000000000002,0.000657500000000002
0x00ed62ce3308e04d03b66c878f87a157dc6dc8b7,dragontownwtf,DRAGON,1408,1,0.0001,0.00015
0x00f621c67d94fc851d3e251b1163a9c7c5155a9c,MonartNFT,MONART,135,7,0.034720000000000001,0.056920000000000001
0x00f6eed9b4029760a665d67af6390b1d7342c84c,PSDDMINI,PDMINI,212,100,0.0338694275,0.04292784
0x00f78120e8d1cb03f87be37f096d6f726f469aa4,NO RULES,NR,6000,209,0.051152153976,0.065553098226
0x00f84ba3a67ea787c17de4d961dd341f2169a522,Digital Renaissance,DR,,1,0,0.00025
0x00fa82ea9be4e24ec6d7ed86ef93bfe85b9a3e68,Rare Ghost Club,RGC,5006,188,0.298606999500000013,0.448153863496750013
0x00fb2cbb50fe0c99aefb2066b78916d948165189,Arctic Fox Pups,AFPs,1088,1,0.0004,0.0006
0x00fb51f257cd52528851089180ebe2b6276d3920,Rise Of The Fallen Angels,,,28,0.00553675,0.008305125
0x00fe842811626241af3ecb9eaeb046e512454289,This is 69 NFT,69NFT,2222,3,0.000138,0.000313
0x01032ff71ece9e018c849a9f8d9c9c27ec958951,"DEGENLAND by King Xerox - Open Edition - ""BLACKSMITH""",DEGENLANDBYKINGXEROXOPENEDITIONBLACKSMITH,,20,0.06625999000000001,0.09549748750000001
0x0103659724f8f40d92bf1329b8346847fe7c81ce,CyberZillaz,CZ,256,110,0.278302500000000013,0.410095000000000013
0x0107fa0cbcf04c87184f5f3076000e5e4d1d7693,Vincents,Vincents,701,5,0.001750000000000001,0.010600000000000001
0x010a45801ee731e016aaaa68ee570b9950be0e37,Boneheadz,BONEHEADZ,5000,37,0.00568485,0.0075798
0x010b094098f88138a9869f23f1764e359999003b,Bored Punks Yacht Club,BPYC,10000,1169,0.000000000000000002,0.138809148999997427
0x010be6545e14f1dc50256286d9920e833f809c6a,Legends of Metaterra PBAB,LOM,262,4,0.000275000000000001,0.002675000000000001
0x010c8d1dd7a414418833861efd31bef50c6c02d4,TheDyingSkullClub,TDSC,5555,52,0.00086056,0.00193626
0x0111546feb693b9d9d5886e362472886b71d5337,Baby Battle Bots Gen One,BBBONE,3498,45,0.014958,0.027423
0x0111ac7e9425c891f935c4ce54cf16db7c14b7db,Chainbreakers Items,CBI,2944,31,0.045470000000000001,0.089570000000000001
0x0112329508c09e5112b0ddf881b87804632f44a9,Crockz,CROCKZ,33,23,0.008842,0.01436825
0x011ab72bd679b12f5316f70e770aea738e745a4f,J. Pierce Zombie Friends,JPFZF,443,70,0.056524499950000005,0.086999249925000005
0x011ae51eb6725be490132c3fc126d6202ec7f05b,W f e r,Wfer,1332,11,0,0.0004825
0x011c77fa577c500deedad364b8af9e8540b808c0,ImmortalPlayerCharacter,IPC,2922,17096,1.313296318411180151,52.286440188368974963
0x011fa65abb3c0cb02d9e0b6ad70fc05fa6932cc6,Consensus Open Edition by x0r,CONSENSUSOPENEDITIONBYXR,,30,0.086145000000000002,0.108722500000000002
0x012084263ce946d150f53bfe0a4927f209295318,ShonkyTown DirtyFingers,DFNGR,,94,0.013166650000000001,0.022571400000000001
0x0120b3add758e0b7f667eae25fc14c3326d44d12,Meta Bots,MBOTS,10000,199,0.035487,0.04435875
0x012116441fe8a8d71ae1043735f6d8e52377e7ec,Degen Park,DGNPRK,230,936,0.771216809000000006,0.966166011250000004
0x01234567bac6ff94d7e4f0ee23119cf848f93245,ETH Blocks,ETHB,1331,4,0.00424,0.00848
0x0124ca9811fe1ebe1851a2b63436614bd24b47ac,NiftyKit Open Vault,NKOV,199,1,0,0.0003
0x01252b36a8b7ae277f7fa30febdbc9175505794e,Subtle Spirits Paper Trail (feat. Michael Beckler),SSPT,,4,0.000000000000000004,0.050000000000000004
0x01298589d7c2bd82f54ca84060d58967772123f2,Good Morning Cafe: Keekusaurs,KEEK,3333,2,0.000000000000000002,0.000000000000000002
0x012eed444ecee53dc54feb55fe6301bd819a497c,Katie Shock Art,KSA,,1,0.000000000000000001,0.000000250000000001
0x013116deb430275eceb99e3cf4a5c5c9d3fcd220,,,,12,0.009090000000000006,0.024487500000000006
0x01331e8427f6849930a81ee83c40f365be45a93b,FEAR Wolf,FEARWOLF,155,3,0.07065,0.077675
0x01352f758d8b1e7abc32e919a6b2a37a417eb219,Piet Mondrian forever,Piet Mondrian forever,99,8,0.0031245,0.00468675
0x01379a8c67466af8ce0cf1f99c3d8208b2a3af23,Tribes Of Ogun,TOO,3178,1,0.0000675,0.00009
0x01393e6544282e1b8636fc09751492f8ead816e4,TOF Tickets,TOF Tickets,,1,0,0.006075
0x013a454ccbfda2b792993c597735cd0050d6eec6,Christmas Ninja Golden Ticket,CNGT,32,6,0,0.001325
0x013c6d01ac343652066a6649d6e446d16da428d8,Babylon Misfits,SBM,1339,48,0.0549,0.08235
0x013caedb26581acc957941d1d1dff5741873f149,MutantsVsMachines,MvM,247,6,0.012825,0.0192375
0x013eeeeb3f35bac879e5849439be96022aaaa711,d.e.g.,DEG,9,3,0,0.00225
0x0142237e9f1efc97cb3f1241d6777f4dd65ff016,PooPooTown,POOT,2127,1,0.000000000000000001,0.000165000000000001
0x01426920272acd7ee5c18013fc5c86f9cb873e68,AngryDickbutts,ADB,5069,307,0.07010071781014531,0.10194305139764281
0x0144b34d4b856fd47c1599a8c0768319d2af4d4a,Ape Football Club,AFC,104,8,0.063900000000000001,0.082375000000000001
0x0144b7e66993c6bfab85581e8601f96bfe50c9df,MetaPunk,MP,9640,2424,11.134176463730527751,16.229788336234335908
0x01471d5d0f8603e71d4579da62e1d62cd748cbf7,BUDDY BEATER,BEATER,478,18,0.0299585,0.0584085
0x01473a9e062e05669847fbe5fdb73278b59cf27e,mosqETHtos,MET,1000,78,0.011830000000000001,0.039622500000000001
0x01485e923e51f6abb2b48aaa310d357b429ba263,Cyborx,CYBRX,1000,181,0.916960000000000097,1.394655046000000097
0x01488051f0050b353d3f4d071a92716006a9e7f2,Black Flags,BF,80,4,0.002898,0.0057705
0x014b6a629d6d8deb6f2cde20e2d5a99d4a601fec,0xLady,0xLady,210,1608,16.086420327425000038,21.470075119900000037
0x014c141194d4ef8a7c44baf2ff37190d0eace062,AI-Zuki,AIZUKI,1124,1,0.0005,0.00075
0x014c6c6d08206ea2464ed125670b757592ce2b2b,CryptoBaby,CBABY,1343,1,0.000825,0.0011
0x014cf34b03ebc0e8591ff2f8d8f452a767affc0e,Dark Martyrs,DM,211,8,0.003625,0.0054375
0x014d9cb39c5ff9c26c034fb1d7baab1398707093,zero to 48,ZR48,296,416,0.743040719950000061,1.146608579925000061
0x0151f9726d0c056b8c29311029cc43bec291820c,MonsterChampionsGenesis,MCGEN,3220,124,0.222920000000000015,0.350980000000000015
0x015432b34cfc4318966734e930fe8267ffc1271c,Transcend,TRSCD,,6,0.000000000000000003,0.005362500000000003
0x0157c35b65c2957fe45de8bb00dd65cd7d1f01c7,Pandaria,PANDARIA,25,257,1.29376928990000001,1.63656236237500001
0x0157cee8b56d75ca4c583df2a5e9ac8c32f63967,oTTo,oTTo,1007,9,0.00124875,0.001665
0x0157d5e4c542204c9168c3575b3b23da3ad95c88,Plant a Tree,PAT,20,2,0,0.002
0x015940951cc6fba7488e03c90852978e2cea8755,Tweeter Files NFT,TF,494,1043,0.758146423507055557,0.987603287713194445
0x015a56be14ac419fa69cfd43fe037899d96310df,In Your Multitude,In Your Multitude,407,26,0.01023999,0.0127999875
0x015ac56d0cfb7adbac3ffbfabf67768f2f0996f3,GEISAI 2022 Official,memory,9500,653,1.133129250000000096,1.554751750000000095
0x015b192a652129f6ea8c03dddb030297cf721af2,Girls Riding Things,GRT,3333,213,0.055778750000000011,0.113622250000000011
0x015e478e48fa71f41a2f2da42a63fc48febe366d,ChocoLAG,CHOCOLAG,2229,8,0.005649998990000001,0.005947585939500001
0x015ed1995196accf6bb5e36111cbd5ea0626670a,Friends by EXO,FBEXO,438,2,0.011,0.011
0x016069e85d60db405b7f2ae5bcd8770ef65c1bf8,ERC721,ERC721,9999,1,0.0045,0.007
0x0161b706371e0725e96c67cf55b2384540374cf1,Tom Sachs: Rocket Factory - Mothership Tickets,,,153,0.418199100000000022,0.541752800000000022
0x0164fb48891b891e748244b8ae931f2318b0c25b,Boring Security,BoringSEC,,715,0.000534000000000208,0.001708550000000208
0x0165b679f2662abb984244e3ada88034804da64d,PEEEP,PEEEP,999,8,0.000000000000000008,0.000000000000000008
0x01662b3dd5c556aecbbd5efcc809ef22026cac26,PixelPuppersNFT,PXP,457,5179,1.860789523726838986,2.811593665590258408
0x016757efa2c50dde48dd46b8171abbb2da658f1b,,,,16,0,0.008
0x0167e9bcc26d02bf71113bbd1b6ea8c9549cd52c,MetaRim,MetaRim,2377,8,0.002710000000000001,0.004315000000000001
0x016befe6876247076223bfd256b8a6a029ad097d,Intersections by Obe1isk,INTRSCT,333,97,0.147610489412938366,0.184513111766172957
0x016cb05fe18c0960a605a3a25320439c20824aac,Line Gardens,KGLG,365,16,0.016680000000000001,0.024180000000000001
0x016f99ae5894a1eef1effe0f3fb0fc73e12f24ed,WARDOGS NFT,WDN,518,13,0.02156997,0.039544945
0x016fcc06b62ab451934c6d60263313b8425019b2,Murashi by Musa,Murashi,633,27,0.002453839999999989,0.00474473999999998
0x0170227514a274826685bf81aed06e4218175572,,,,83,7.321875000000000027,9.419577500000000027
0x0170355d2404634b02d3529004438efb3369488d,GoldPunksClubhouse,GPCH,888,5,0.000737373,0.000974623
0x017085ead2d5006ea7d05ff55f6436db2791c0f9,BAD GIRLS,BAD GIRLS,,1,0,0.00075
0x01709c4b31187914458ad7130e204d9e5388ea7b,PepeHatesNFTs,PHN,249,1259,0.360999278409250007,0.476242062879000007
0x017273d9b1d2a6186389b7e5b54a3c07213fd47a,Bored Ape Rock Club,BARC,999,1,0.000000000000000001,0.000105000000000001
0x017657e5f480ccf29d1bc68ce752d982d1dc598f,Cat-Fu,CATS,555,2,0.001275,0.0019125
0x017ba9ac7916ebd646e7c11dd220c05c5b790224,Fives,FIVES,7954,60,0.075225515685669472,0.114338273528504207
0x017e608eeae1c7a91fc0b3c0492d495a1f1d0caa,EFCGenesis,EFCG,13,421,0.2912487562485,0.388506674997999999
0x017ed3d9d9cc86b56c9f38daef8d52a7009ab58c,Metaflexer,MTFLXR,1121,255,0.02958550565,0.039352161474999997
0x0181d088c8dd0fa1a8f5d321db17112aa66678c6,Meka Kube,MEKAKUBE,321,1,0.000000000000000001,0.000750000000000001
0x0187718c94d50d7a8afa4c62bbe1d7e6c601fced,BotsUniverse,BOTZ,2954,17,0,0.000916
0x0188f1f3030147b453ad43aa5ca1661e5347f162,,,,3,0,0.00225
0x01896d024bfff3c947bd0dc280b68e97844fa407,MorikuraNFT,Morikura,1387,1,0.0002,0.00025
0x018ae5620758a28d39b1c03f4a03f6b2db9f55ca,Lady y00ts Yacht Club,LYYC,244,3,0,0.00022475
0x018befb7d1f3e84948466ef15cc46baf9ba5295f,Verb,VERB,6500,3329,6.451459315335704279,9.094401802826630205
0x018c990a25c0af76e4bf34364539c28e7bb74fde,Fdk Open Editions,FDKOE,,1,0.003,0.00375
0x018edc004d018b3017baf20c0119c67d8b66d929,CNPBETH,CNPB,121,7,0,0.0085
0x018f6a68530e420f62e8f8146567128954466aa1,Celebration,456,456,7,0.0105,0.0105
0x0191c41dbceb20a612b25137133ca719e84f7933,Meta Gold Digger Club,MGDC,3797,61,0.063120000000000006,0.079770750000000006
0x019223250683c8d1bef91544e0af9c7fad05e82f,Ape in the soccer cup,APE,46,5,0.00462,0.00627
0x0193b85c38337eb90338ed8660810ba66c548b62,AsterFi,ASFI,201,399,0.029048500000000092,3.558493464995000092
0x0197374b08702ee7bd26112abd8b174c068051bb,Crypto Doctors,CD,7008,125,0.0401625,0.05355
0x019744453e202f42eb64dcb9dfe0fed864cc19cc,Moonscape I,Iridescent,400,69,0,0.040391999999999996
0x0198ca2ccc0014f17eb5b33ef263eee0a4124e93,FLC Fighters by FURU,FLC,307,1401,0.361007039297995364,0.803296076542990658
0x019a2a30089f42f44ff4073bfc81a3f5720b2efb,KAWAII_HINOMARU,KHM,1021,1,0.0004,0.00042
0x019c1d7198cd81114a0bd9a2658677e22ca34b06,PixelArtSculpture,PAS,3,1,0.000000000000000001,0.008750000000000001
0x019c230567676ab27599ba2e06daa93b852e9942,roboETH,RETH,1999,132,0.044252180999999989,0.056794453499999977
0x019d4fa0db9cf1512cc42e89d5515b9c17ec5801,Something's Fishy,SF,218,1471,8.435336437876103277,11.256906811494712776
0x01a23c30f1044cbc8cda0f6356debd94c575b6ed,Liberty,EZswap Flamingo,1243,22,0.105000000000000001,0.105000000000000001
0x01a4d3df9c73cf6357361d07f620c325853eaaf1,STICK CITY,SC,6140,117,0.0032246498,0.00403081225
0x01a598e815155aca7adfaa37051f7134922215ec,Alex Mantesso - Editions,ASMED,,1,0,0.000375
0x01a5e3268e3987f0ee5e6eb12fe63fa2af992d83,Dart Art Abstract,DARTS,1112,6,0.0026,0.0039
0x01a5e83c034deb5e041cc5a8e1664b1050183971,MUTATION16,MU16,2120,178,0,0.010651679475
0x01a6fa5769b13302e82f1385e18baef7e913d0a7,Cool Ape Club,CAC,5555,744,0.891736267246258676,1.108936226024036451
0x01a75fb1a4b1a8f699fd00ad051f9100ebecec42,Human Fly,HM,442,183,0.494531999175000003,0.660680998900000003
0x01a9f037d4cd7da318ab097a47acd4dea3abc083,Vortex,VTX,1414,67,0.084180000000000008,0.129712500000000008
0x01ab65d22d022217835b76ed8c4835b580ffeac1,Prometheons,PMS,,251,0.16650972,0.24585192
0x01ab7d30525e4f3010af27a003180463a6c811a6,Dot,DOT,48,7,0.183000000000000002,0.227225000000000002
0x01ae9df9cc72ed928c6f34aa74a3449e8d5ab134,OmniBird,OBIRD,,6,0.000701,0.00087625
0x01aea756df7eb0475749dcf2cbb45a3494dab8ef,,,,1,0.000000000000000001,0.000625000000000001
0x01afe4ed0cfee364307a67ec4ee28ebe480833c3,The 30/30 Badge,30/30,,3,0.000903,0.0016555
0x01b0b92e56afd7c56f75a5124e59a0141020071b,Zodicon Genesis,Zodicon Genesis,72,271,0.252250499249999253,0.341097748999999003
0x01b0fe0b2cffc0ea1be219093a2d826685f480a8,FASHIONCRYPTO_Genesis,FCG,9999,18,0.1131,0.141375
0x01b38951b300fc1eadf7a1c332ed3185d1e886f5,Project Shojira ‚≠êÔ∏è,PSHOJIRAS,2222,6,0,0.00545
0x01b6d10c09bc60d5e043d888ead896a395e210ca,RoyalCrows,RC,,4,0.0046085,0.006381
0x01b8843d0a50494d4253e47ecaf245c512edc7b5,Exploration of Glitch Art by Chain Virus,EGA,,11,0.047209800000000004,0.071839800000000004
0x01b994a1f31fb811fe41e3e4cdb11ccbf6a66554,Ape Poo Club,APC,685,13,0.014490000000000001,0.021890000000000001
0x01ba93514e5eb642ec63e95ef7787b0edd403add,Steve Aoki,AOKI,,44,0.498112000000000007,0.643025250000000007
0x01bb8aac93261afc869ac612814852de0459af5b,Galactic Tavern Aliens,GTA,5056,1223,0.415406249354265104,0.585912136801462604
0x01bba896c86c2f2739ec814900c12adeff6d5a11,Meta-Artisan Original Cabin Luggage,MAOCL,14,6,0,0.061578775
0x01bcaf6f88cfef50fb44643f9828bb3db37b21fa,Animalverse Dancing Underwater,ADU,106,48,0.043570600000000001,0.054543250000000001
0x01bcf03ecfede8e38c18c2b5dc48cd5bd0006237,PUNK,PUNK,,7,0.013575000000000002,0.018861500000000002
0x01be25a7a70a4fd35599bf70606e51eba74c23af,Pandora,PANDORA,198,346,0.072933644444484508,0.110409016666726758
0x01bedac2716b426994a25c1f47eca4724926a31d,Nebula,Nebula,247,132,0.048941000000000001,0.073576500000000001
0x01c1fff26c18651c0c83b9679453c7448dda9248,,,,3,0.0005313,0.0007238
0x01c352bc0dcd0676dc1426577830dae5d7663b07,Bitcoin Eggs,3ggs,666,107,0.084139665600000002,0.127962408100000002
0x01c41b30eabe98f8526fd4e3406db519793f7a27,ELENOIR,ELE,290,3,0.0018785,0.002601
0x01c7a79458a9db449a8547b558c83f0bdc14c11a,fuck bots ser,FUK,611,11,0.00414,0.00564
0x01cb3c2da52801587e6c087729788e40fe83ee1e,Between Worlds,OBW,,22,0.000000000000000009,0.275000000000000009
0x01cc1bd2dece86e54481f1e6aeffc2fcc6915480,Entropy by Nahiko,ENTROPY,,1079,9.313532734455829062,15.228108776684493483
0x01ce730d932f45f9e5cdeb409cc914d24cec75a8,TheLittleRascals,TLR,560,5,0,0.0008525
0x01cecf7a8f0095fa622ff03d714fd2244548da35,,,,507,6.283472775000000142,8.655675875000000141
0x01d48cc316db377cc50e2a5dd5d7db0567155a97,Mutant Rat Social Club,MRSC,1548,14,0.024359999999999,0.03044999999999875
0x01d5f0bdd27cb9af016f88bd158175aeba7240a5,,,,1,0,0.001665
0x01d78b104ef633806da509d89aabe4714a00cb65,MiniCombat,Mcom,999,568,0.908798150895752497,1.252026843249285997
0x01d8117f35f396b0a176c4dfba18e71ae537c95e,Rain DBL,RDBL,1563,7,0.0015695,0.00235425
0x01d9fcde8b3fa04a16cdf8dd3014b0103a8059cf,Noun O'Blocks,NOB,,4,0.000000000000000004,0.036925000000000004
0x01da4b9d0814b02eea19041327e1f445929061ed,Always Tired,ALTI,178,18,0,0.0181125
0x01daa8981c480f866d8c241f31dcbb4e0253fd0c,XOXONFT,XOXO,118,148,0.428925000000000015,0.633400000000000015
0x01dbbb64e6f6185ac9923d47e1f9b20dabadd263,Marian Hill,MH,105,10,0.285400000000000001,0.356845000000000001
0x01dd0c20f6d8030a35abefdd83615f374d826cfd,FreeFriends,FF,1992,4864,4.701068087020864175,5.897647908776080126
0x01e093f04ed10ce76336f211da72829d182c633a,1959 ARCHIPELAGO CRUISEMASTER,ARCHIPELAGO,1000,593,2.729754504250000149,3.846598754000000149
0x01e2fab1569a368a89287d83d6f2cbf1d6229361,The Fodos,TF,463,3,0.00287385,0.003900225
0x01e690c5d3cc89cea84f2a3c2ccb38410ce2992d,Rekt cans,RKC,,2301,3.266732882620999899,4.098890515776249831
0x01e98358fda7be8df5a123612ce8a0847d1dbeb7,Broken Screen,Broken Screen,495,1,0.00059,0.0007375
0x01ea0a1c4cf5d6d948320ff16b1b6b972626e599,Hikari,Hikari,5555,625,0.626130951133263055,0.858076905744349055
0x01eda8bdb8a5d8758ab440b9aebc91519ac1f856,,,,6,0.01536,0.0192
0x01f419584249f1d72153690c78ed65ee5d508c6f,TwistedToonz,TT,700,1,0.0000055,0.000008
0x01f61f3c7f27893b30e8abdafd4a84ca8bd24b96,RoboFrens,ROBO,777,23,0.025590000000000001,0.041385000000000001
0x01f74df24e81c8ae5eb1ff6642283c10e022fb56,,,,129,0.453440025000000061,0.688404700000000061
0x01f9a9ac79044511b7861677dc9f70ed05d09e1f,81 Horizons,81H,,2,0.45,0.5625
0x01fa3813618ee7453904b21678d16a76e8866566,Gold Panda Club 2,GPC2,521,151,1.754966915436910019,2.233453828709410019
0x01fac6744f460abd6a1d89f4ca190ea822464919,Nameless Jovians: Shards,NJS,463,1,0.000075,0.0001
0x01fad58cc2f0d3282724be1da34b90709bf04e37,CryptoTrex,TREX,1111,11,0.017700000000000001,0.024500000000000001
0x01fb8831dd5821930476fbddbd933fd8396b3768,Salesmen,SAL,647,1,0.00045,0.0006
0x01fe2358cc2ca3379cb5ed11442e85881997f22c,Cosmic Wyverns,WYVERN,3500,61,0.03001655,0.0375206875
0x0206490e152d26c576fcba508e06a76549c9089d,Colorful Rebels,CR,145,53,0.243309999000000006,0.310262498750000006
0x02066a871e21e577bfce5edbe2ed8e227eb167b4,SkyWalker,SK,222,2,0,0.0000275
0x020aebbfc51268da38d36c35bcb8bc83dda262ed,Okay Bears Pixel,OBP,153,1,0.0025,0.00375
0x020bb206cd689d6981182579da490d5f4ceb4c46,Raccoon Secret Society,RSS,10000,21,0.00311949995,0.004679249925
0x020cdc4775366ae436f13a7d333143432e884934,ATEM Car Club Cards,ATEMCCC,12455,1536,16.175283205431520568,26.319176808372280656
0x020dedb172c761cb55694385627a72eb95f4ffd5,Floatie,FL,761,268,0,0.06608955
0x020e14aad1df379385fd7c2f34561eaf7ade2d52,Reflections Noir by Rich Simmons,RNR,1274,28,0.01043322031269,0.01379011230519
0x0212d9f560b82cf5cafecd7706a1884ff5ef7899,TheLuckyOriginals,TLO,113,545,0.856429819437500111,1.19517770162500011
0x0215ff09c0a04b26af410d9e82e2384ba6a0b5aa,Astro OTTO 2001 ,AO2001,323,504,0.451468676900000008,0.565007096125000007
0x0216eef69ce03ac91299eb039449a2bddc6ee8f5,‡πï‡πï‡πïART,HAHAHA,39,1,0,0.00375
0x021779e0124ddfdc7b0215071b50c174d6e4376f,AllBright Classic Sisters,AB-CLASSIC,,1,0.011,0.01375
0x0219379399b46f898a11775a6fc7bbe6de55f7a1,Free Hand,FREEHAND,2882,918,1.125866445669469078,1.689472088169219078
0x021c4361c944017bc2037baf86538f952f2f0472,Sammy Sloth ETH,SSETH,429,1,0.0015,0.001875
0x021cd12f07d12b1fe1e53b057e1d38553bcc4d72,Singularity 0 Universe HUMAN MUSIC NFT,S0UHUMANMUSICNFT,58,23,0.528907500000000001,0.717710000000000001
0x02209336333d21038f2a39bdbf801f99acfd1d0a,TravelCard-Collection,TCC,2,1,0,0
0x0221d7f9341c1dd47828aa149bdd3bcaf14d4faa,Hutaba#001,Hutaba001,,1,0.00525,0.00525
0x022308cfb134b955f455cdabf259d9b0bcf26210,Inferno Friends,INFR,48,2823,0.561258698304999891,0.85338089323749977
0x022525cdec6c3ccfa07ed557dd56905f6be670d9,Y2K23-0_0,py2k23,,4,0.002999924175,0.0039998989
0x022cea70f440c9681136dcb054d26b2c0030abf3,ACTION PEPE,APEPE,,2,0.000399,0.0009115
0x022e55bc7b69c3e14b11263b38c3c98dd3d85bf4,Sad Bears,SDB,500,3,0,0.0006624999975
0x022f47cdac23cc94a149bacb7b19962ef8a0752c,Mini Moose Society,$MMS,177,28,0.035544999999999996,0.053542499999999993
0x0235fd4d1a84dd90124536fcf8edf5ffa6d64e5f,Message on a Blockchain,MOABC,118,2,0.0038625,0.00515
0x02360405a8a1044267e844d1be6543482fe40ab3,Wuliangye NFT,WLY,,541,2.57188038221277814,3.867736099582222714
0x023761b40d56bcfb940781640fbf4ab799162d31,SNKR FRENS by Sneaker News,FRENS,3350,322,0.440248850000000037,0.674685000000000037
0x0238a6a9496508dffb3110bd115e669b86dd7059,,,,2,0.000000001500000001,0.000102504000000001
0x0238d61afc8a5cff954059239830f896f3cbd936,Bored Actors,BA,5193,131,0.0349157500075,0.04756250001
0x0238ebd3e9f5502e2c9b4e9cced696e3baa66341,Sea Of Death,SODNFT,336,18,0.007447,0.00930875
0x023cdd852ffd40977d7b1349258f439dddd128c3,memeland-potatoz.com,POTATOZ,7522,1,0,0.0001
0x0241c38b646a61f2a47e72423e50de2c11b6a21b,IGL Presale NFT,IGLPNFT,46,545,0.067709202515999982,0.134661208805999971
0x02449b4b6405db167fa65545f1bc8fd74a9cc1f7,Club Salad NFT - ETH Contract,CSALD,200,13,0.404000000000000001,0.504450000000000001
0x0244d01b620bf8d80a9b4276493891f7dd34b29a,CV Legend,CVLegend,,1,0,0.151875
0x0244e96e8b6b4d681c0e817e8f94ba30d04d7fbc,MetaRare,MTR,,12,0,0.003
0x02465dc28260590979f6a3471e96cdf0d137a3f3,WEN LAMB BROS,WLB,196,30,0.0383135,0.0484225
0x024669828ff411141e3aa7ae32d81f473bab5c5a,Yakanhikou x Acky Collaboration Art Collection,YKHKFA,144,2,0.000825,0.00095
0x024ba09cff7fb5d797a2b715dab93bb3ba77447b,,,,1,0.009,0.01125
0x024bba6cb351288487b7f93e6d76e07f6dcbe296,Geologico,GEO,121,604,21.746205290000000086,27.270192587500000084
0x024c194c25c2c2226ff5a476a29b1730027ad8d1,Tiny Battle Bots,TBB,555,22,0,0.005016499999999999
0x02560112988e2495261b8ff6f9dad64ee566a324,PulsesOfImagination,POI,1024,22,0.020272500000000002,0.028407161907500002
0x02565cb75c81f08e150f0116ef787f653f357bb5,,,,14,0.000000000000000013,0.035500000000000013
0x02567ccb31ba5e0696c47fad293544b95229f1f7,KatBoy,KATBOY,2812,44,0.00411997,0.0051499625
0x025795d95f80324c9c4a97127e9ef772306f399e,,,,29,0.000000000000000001,0.046575000000000001
0x025983cd3530f78b71b4874eb5272c189b357e61,Aircoins Metaverse,AIRx,870,20,0.039750000000000001,0.083000000000000001
0x025caa92129334f8cb72d02eb2f478df51267b52,,,,39,0.0097,0.0323
0x025f45bb7e08abea27a3c6a9cfb8d2acc2f6a134,Buckets Club,BUCKETS,1000,83,8.71685000000000002,11.52555000000000002
0x026224a2940bfe258d0dbe947919b62fe321f042,lobsterdao,LOBS,3484,273,12.329087060250000078,18.837153038000000008
0x026265dfbe46eaf814a66c0c6466f2f7488283b3,Winterfell GPWIN,GPWIN,,12,0,0.034025
0x0267bffd91eb1935dd75d6c359bc5f8b0f9c121c,Akairo,AKA5,111,61,0.044788749999999997,0.061564749999999994
0x026b30564a6bed7995ec02bc61dbf58a92d94537,FREE SHIT. Literally.,FREESHIT,644,115,0.022278996,0.030351096
0x026e8f811ecdf3eace13a0d4786d3e4c5fef7b77,DearMetaverse,DM,,3,0.001800000000000002,0.004850000000000002
0x026eeffcc75dfc380e4d0156b1e7d11406d73741,JustBanksy,BANKSY,50,38,0.28878899999,0.361361249987499999
0x027183e3d0c150d30107e5344dbe1b9d4abf4c20,Flower Fam New Generation,FFNG,305,308,2.522972880000000028,3.532432880000000025
0x027214753a74f6bcf2c078ab6d756f20f56f138c,Derp,DERP,642,41,0.0111,0.0148
0x02725e3a966f91edcfedba2eaf5f534e0b2bbaed,,,,9,0.038490000000000003,0.050987500000000003
0x02728fccce46bf681880273cd0ff64a8b03e0fff,Death Society by Mr.Notorious,DS,137,17,0,0.0007985
0x0274348a1472ce7e0fafabb203de32b76b807d85,Pooping Panda Yatch Club,PPNC,600,6,0,0.00177
0x0275d9d5086298c0af53e384b9609ab1aa5e2197,"Boxes, Bits, n' Other Objects",BBOO,6,2,0.000666000000000001,0.000832500000000001
0x027835799b181fa569473f8749c5efc926d4f31c, Crypto Tats by NOMOZ, CRYPTOTATS,877,807,6.245249849450000251,10.385566849175000251
0x02784931e2ad0066a0e6524ad68476da27a28e7b,CATO AI CREATIONS,CATO,,1,0,0.000125
0x027caa45c4ce5a3c763587be28faf4cf6d1716ff,AoiAkuma,AA,,1,0.00015,0.00015
0x027f175473f544f22b436a692d248df8c099a627,PunkMambo,MAMBO,4001,93,0.177904,0.266856
0x0286a66d47c64f4394c24cc065d6ce0cec8a4d6b,MetaBirds,MB,1000,3,0.02,0.025
0x02879e9075d4758164d2d52192ef452e4cace806,Kiss Me Monkey,KMM,10000,12,0.002780633333333334,0.003773716666666668
0x028e6f37b1830bd62aecf5fab3325df6df7e0a44,RektApeCopeClub,REKT,10000,3603,4.485814207148888543,6.797899360723332791
0x0290d49f53a8d186973b82faafdafe696b29acbb,HyperLoot,HLOOT,8319,458,0.988102858000000061,1.386942188000000061
0x0292c3aae2cf815d87cb568e6275b09ef4aa68b4,,,,26,0.000000000000000025,0.133922500000000025
0x0295fc07787e7b734d0209b00fe806839b387298,LEGENDARY PUNK PORTRAITS,LPP,,10,0,0.002
0x0296f6bee70bd48477f68cae9cef3d5246f36214,Her - First Anniversary,HERAN,,37,0.029555000000000012,0.059030000000000012
0x0297669bb8d705a9ec5e34d4a1cbde57348d7cfe,Fishbowl Heads,FBH,1500,2,0.000250000000000001,0.000470925000000001
0x029941a1a917ed9d69077d800d9c66933b23dc6d,,,,55,0.045700000000000001,0.131592250000000001
0x02994a43f7d76263d2fecec4ecd5c60dc2cf3e98,,,,9,0.000000000000000002,0.206250000000000002
0x029af5c555807c2b5d337478e5f895e8f3b557e2,SpaceDripRedeemable,SDR,589,32,1.620061100000000011,2.104061600000000011
0x029b340eb3f1230433d924900ab2382c106e97ee,SpaceBunnies,SPCBNYS,4988,136,0.03558097499925,0.047441299999
0x029b6b3dcc9424b936e8744adaec5f8937a474c8,,,,1,0,0.000625
0x029bec4f79921fbf8b181e893af7cd013abeb241,ExoalienzAI byAI,EXAI,333,15,0.0027615,0.00374775
0x029d903129a0326e37199e5d80203d64ac3a7f73,SpotlightAversano,SLA,137,3,0.004500000000000001,0.006125000000000001
0x029e4b9a3917610744ed012f36cc6940bc4e89f9,cf e8 30 e1 2b 67 c0 68 19 81 f9 88 c7 e8 73 41 8a 03 d0 d3 aa 0a 96 54 bd 3f a7 e0 31 e2 0c 2f,sign,,1,0,0.0025
0x02a219c72f78d867590d38f43717629b8af21262,Framed Magazine,FMZ,,3,0,0.0015
0x02a6685f62a82810464df8925ca322953adec84d,Deltanauts Alpha Silver,DFASilver,76,108,0.235510050000000019,0.367583965000000019
0x02a769a8de33aac835f297fb7b940082c83966b6,INFLUENCE: BOXHEAD x Props,PDBOX,300,2,0,0.0006875
0x02aa731631c6d7f8241d74f906f5b51724ab98f8,BearsOnTheBlock,BEAR,9495,1863,5.058105452174422802,7.836802155260522801
0x02aca53594fbe6b132e8e4a9ff7e3a092f8f7762,PokeGAN,KOPE,191,1510,5.809646072022199634,8.883155883283299377
0x02af68b9df900524470956e00399214ddf8e8128,,,,1,0.00025,0.000875
0x02b094f1ce3621aeb82be321c43aedde98a36a34,Naked Emperors,NEMPS,420,10,0.0096672,0.0126882
0x02b24f782ecabb1a89772afbff5c8524fb7c79cb,Arua,Arua,999,12,0.000617,0.000877
0x02b5f0cce6ef30965edbd66161d27a17d8e602ec,Catch-22,C22,222,48,0.094844950000000009,0.148297425000000009
0x02b67fd1bc80bda265ba804d98ec0786e5ff321b,,,,103,0.000000000000000086,0.200072725000000086
0x02bb15019ca8ceaae603972eb85d50f99e4e2efe,,,,9,0.021550000000000006,0.062775000000000006
0x02bc748cda9c1e4d0abcc510a579f863b5b10f68,DLG.,DLG,50,19,0.367380000000000001,0.436480000000000001
0x02bccef524d90d0eb9ac360839f25bd23e7e3dc0,The Beauty of Lake Bled,BLED,,1,0.000000000000000001,0.001250000000000001
0x02bdd74a47363641181f79ebeb8c1e094f44f323,STARKADE,üí´,315,27,0.282700000000000007,0.456898642467500007
0x02beed1404c69e62b76af6dbdae41bd98bca2eab,posers,pos,253,14843,73.631883828858281606,115.249957556661071436
0x02c2895e15797f8b70b1801a7cf40a213a739610,MetavelliART Editions,MTVarts,,2,0,0.0021
0x02c406a9373010845882d142d793ec9235bae215,Kaoryu Tamago,KTG,1120,163,0.027228725000000004,0.046180100000000004
0x02c570214adc99708375bb6390920ce4f30dbe90,Mental Health Conditions,MHC,1980,16,0.003157,0.0047355
0x02c711676573ae484770b43446e8b4a8905baa56,Damane a‚ÄôCsambre,M0RI,,24,0.012010500000000006,0.023736000000000006
0x02c831f260a4b1537f48089a67f79d2c90224d92,XPLODIES,XPLD,1265,21,0.0032145,0.00482175
0x02c92aaeacad1cae8f5223f96866b9938c11da6f,The Immortal Pass,THE-IMMORTAL-PASS,1214,2321,12.831892213925212798,16.862225534479268618
0x02c9df6bea4342a8c79dc2350c671269f426a0a0,,,,7,0,0.0035
0x02ca3290d590bf5b427af6e34f5b5e4105f73df1,AidBrokers,BRO,20,182,4.393575000000000013,5.862187500000000013
0x02ca34d176081d32a5b04304b8b23646b1def0f9,Yoga    Pepe,YoPe,817,3,0.0003,0.00045
0x02cdc16a783c29769fe3684d3f73d962bb5b8fb0,Verse Warriors,VSWR,1539,46,0.065794,0.0832165
0x02d2615e4b4964b46203229ce90b6965225e34ae,,,,3,0.010575,0.0141
0x02d4ccfb596ac2a8b1878d3bf8a390730f42bba7,Baby Okay Bears,Baby Okay Bears,7704,335,0.120647550800000001,0.1638909618
0x02d56a4185f4fd4724a6cae2b7e7571eccccde0c,RektNews,REKT,2000,6,0.00218,0.002289
0x02d5d0868e5f9ef9bf87f139f2f89bf569946de4,Genesis Ecto Land,ECTOLAND,4227,46,0.02699,0.0337375
0x02d66f9d220553d831b239f00b5841280ddcfaf3,,,,89,0.313900000000000009,1.410425000000000009
0x02d6e4e5837eeb1d0bb9130d7c91ab0a506dee0a,Trap Statue,TS,1701,7,0,0.0002175
0x02d85cae5a26b530fb13e3b3bd6e75d82464a182,KulKids,KulKids,981,1,0.000037,0.0000555
0x02da3ad430ee4a1ee9e1103f6692d3f67bcb581e,Gen-I K-Noids,TKN,,16,0.0035549999925,0.00473999999
0x02db75a06e9fd84dcd77731838ada5737afecd04,Magical Ticket,WOM Magical Ticket,1000,42,0.0068481,0.00941885
0x02ddfc164f943130888fb736663985749f079128,SireDontPlay - Probably Yuki & Bobu,SIRE,,50,0.014938000000000003,0.026351877144722225
0x02de1fbe666ee571259282ce9249f3a718ca927f,Tien Dao Course NO110,TD,10,1,0,0.0025
0x02deb18267b40c4f12c205f71554acc70a6faf62,Space Pals,PALS,3104,62,0.0401769445,0.06026541675
0x02e2993c180c219da15f2a6ccd2a334797c13263,Bloodshed Bears TokenGenerator,BSBTG,7000,149,0.152580000000000001,0.203815000000000001
0x02e770a2f79ba4d3740a7273eca7e290d93ecc8a,VECH,VECH,1255,33,0.044107500000000001,0.059060000000000001
0x02e97aaec3551dcc925145ef9163a3fc0262cf83,EX STASIS by Reuben Wu,EXSTASISBYREUBENWU,116,6,0.747200000000000002,1.004000000000000002
0x02eab30603dad3e17d0bda0f14a683f51475cd99,Naffles Founders Keys,NFLS,193,30,0.631225793100000007,0.883478290600000007
0x02eac394763be809efdc3ec86cb89b8967c50d89,UltraRareMintPass,URMP,308,7,0.004995000000000002,0.007122500000000002
0x02ee5f0c35f8383224b3697f64ff8794ce92b820,blue edition 1,blued,,2,0.01,0.0125
0x02f03ef74bf40d11b96ce2961cc2bb58630754ba,Everything by 3LAU,EVERYTHINGBYLAU,175,3,0.000000000000000003,0.016750000000000003
0x02f07719e3b6abbdddd74b22a585ebfbc983fa2b,The Cell,Cell,555,15,0,0.0010975
0x02f0be1ccc6388f0445a24024a71414bc3f23c8c,MDvMM,MM,2891,6,0,0.029245
0x02f0c9a881933f316dc0d4952d42ca1f87f1de8d,DoadNFT,DOAD,789,17,0.008245,0.01030625
0x02f0ee5f4fa35ed9e29467e122140f39d247ade7,QingChongMonkey,QC,2894,1,0.0002,0.0003
0x02f38388e5fc3df147bd080766d5c6affba831f8,Flat-n,flat-n,1029,1,0,0.00025
0x02f4025c4525346ac5ec782cf828a444839e383a,Degenerates,DGNR8,1806,215,0.03412,0.04265
0x02f61675f08234dfca2866d42cec3c7ad7e5d389,Êµ∑Ë¥ºÁéã1155,cool,,11,0.000000000000000007,0.002657500000000007
0x02f74badce458387ecaef9b1f229afb5678e9aad,MoonPepes,MP,4200,7220,44.845774118027890723,60.342239490953854206
0x02f8347365ba4f0f99dda0959acdaf5248391039,BoroMas,BM,294,10,0.0032386,0.00678335
0x02f862e923f85e4ce490fd8b93adbbd8659221cb,ENVY HYENARS,EH,5456,441,0.0501139176,0.062642397
0x02fad7506c8058c590e25c8536bd1c21027e0e0d,Twilight Cats,TC,,124,0,0.0139066751
0x02fc1d4cf57f047a768a7e08fd7b60107a83858f,Y00tfulls,YF,662,990,0.143428269115000019,0.220041153672500019
0x02fd03979d646cf1f9debb218aedf4b2908a9bfa,MultiNFT Membership,MNFT,400,31,0.363390000000000001,0.566332500000000001
0x03011babdf78d67169e2b631d5c8f85a98b54f30,Area54Packs,AP,745,162,0.018165000000000022,0.188703247449500022
0x0301827ca23041aa21f2e3b25756ced199709994,XNFTS,XNFTS,,3,0.008,0.0114225
0x0301e208ec282ec38934606ef53dbd5876ed7eb0,The Otherside (angelbaby ft. Gino The Ghost) ,THEOTHERSIDE,50,15,1.999749696000000002,2.542187120000000002
0x030284975acaa8038667c66079fb2392c35b38ae,THE JIG IS UP (with Reo Cragun & Kevin George),FLYING,50,18,0.11267,0.11727
0x0302fec23b942a2c5ecdf928d9895054d220a116,BabaZombie,BBZ,274,5,0.01122,0.015895
0x0304da2c23749090e54257c114f391af86010642,Nijimon Cards,NJIC,151,1,0.001,0.0015
0x03081efecb9357446947803be3b1311130c40bce,BattleGrowlies,BG,542,2,0.009,0.012
0x03095dc005b648f47e617d8760bb1d4516b3b78f,Taboo Turtles,TATU,4444,3,0.000135,0.00018
0x030a868aa956ab97f6ed4431663ea0f7db0f9aed,Mutant Kongz Lab,MKL,5000,112,0.0905166,0.12823185
0x030ca311c3a971afed275329945cd88c4f74dfcc,,,,189,0.003100000000000047,0.128546829687500047
0x030d5ffc1f8a64c58a040e0216b96e52c5cbe569,Baby Ghosts,BabyGhosts,10000,294,0.464340580000000009,0.695080580000000009
0x0310d51099e767c737720b3a03cbfe2df590560d,CUBEING,CUBE,1001,6,0.000625000000000001,0.001500000000000001
0x0311d3e4a472a21d18cf5491224258b61147d34c,,,,1064,0.35428414789970001,0.44277178487462501
0x0313eabc68764a5fd0fc0e3666e8309610d9d400,,,,9,0.01454625,0.019395
0x0316f7dd375fc920944d5f6a712f409fdcba49b1,IMMADEGEN ART COLLECTION,IMMART,,1,0.000000000000000001,0.013875000000000001
0x031920cc2d9f5c10b444fd44009cd64f829e7be2,CryptoZunks,ZUNK,10000,2064,5.351260311137648555,8.396940479456472615
0x031b6f14fb970ba1aaa4e50396ca904d50244aef,HYPN00S1S,HYPN0,333,30,0,0.0061375
0x031f5c6873bb34abb6175b088840ca10f8a5875b,mfers deluxe,MFERDLX,205,1,0.0000005,0.00000075
0x031fbf3f313323558f246cbe17ddc08cb3bb1b04,Focus Bloc - Genesis Pass,FCGP,43,6,0.080000000000000002,0.113475000000000002
0x0321b45a40c41aeee12e8ae22e98159f056d49de,caTank Limited NFT,CTL,,21,0.039470000000000001,0.049712500000000001
0x0322b8fcc82f28ab412a24e0fea6cc0ac80b6c0f,Deeper IPO NFT,DIPO,,6,0.000000000000000003,0.000450000000000003
0x0322f6f11a94cfb1b5b6e95e059d8deb2bf17d6a,CryptoonGoonz,CG,6969,1757,27.029237779182125722,41.778823187515250995
0x03235b597a78eabcb08ffcb4d97411073211dbcb,RetrooooTown,RT,7776,3731,3.805051095768127499,5.075741461024169996
0x0326b0688d9869a19388312df6805d1d72aab7bc,Kahiru,KAHIRU,7222,1321,1.853679356378500349,2.737628475092080599
0x032a7bc562719e4a7fa43b7d2608a494b8fd8868,Banana Ballers,BANANAB,2999,708,0.2631210099,0.328901262375
0x032af6bfa2397e384acbe0ae4724e6ecaea91113,Noun Pepes,NP,,5,0.0139,0.02085
0x032b3ba1c2ca87ce849c1df95059e8cf74764028,Pionauts,PFP,70,1,0,0.001125
0x032b8854531b6fffa764d3c425d0c705aac41b7b,change a thing,GRADY,33,17,0.156150000000000002,0.162675000000000002
0x032bb431fdb3550c8d6cf22235a4c065d983a7be,The Spoopies,SPOOPY,315,7,0.002949,0.00368625
0x032c5a9d51fbe5a1cbc91ddefe73575d26e870cc,Jolly Roger Society,JRS,4444,776,0.152072339500000007,0.232181009250000002
0x032c7d517f6e86384c1f40bbb81630ba937af02d,EDOLANDNFT,EDOLAND,9610,150,0.608326000000000041,1.426659250000000041
0x032d8f3fc1c3753d835a033173d9be89d4281dbb,,,,21,0.00499,0.026115
0x032dad5d1d9f3fba88046b08c2676a0daf96b745,The Best I Could Do by Justin Roiland,THEBESTICOULDDOBYJUSTINROILAND,240,14,0.028737,0.116062
0x032dd23389f9729f4c14b79a87f327e4ebb00fbe,XEKFH_NTP,XEKFHNTP,196,34,0.324680000000000005,0.406575000000000005
0x032dd2a3c6d234aa9620d65eb618fcdc72be3dbb,HashDemons,HASHDEMONS,6666,27,0.0025869,0.00905415
0x032df438eff5b5ac658cf4082425ce14f034a97c,Degen Goblins,DG,4662,14,0.0042,0.00525
0x03315ec191c834cbcf88068e24408033f0e3bf4a,Antvasion,TAL,349,5,0.105000000000000002,0.147250000000000002
0x0331efecec92971ea0bf1e3aedfd3d672edea851,Shibari collection,SHI,6,2,0,0.0025
0x0333625ec3c7337bb764ee6e177ac65d30cf9402,RFoxSquad,RFS,499,190,0.034938626100000004,0.048347548600000004
0x033875615441647e80146de60900bd6ca99abc4e,Star Trek,TREK,19,3,0.013700000000000001,0.018225000000000001
0x03392d7814aeacbdb55482ec54db618d38b7ef34,Minting Miracles,MM,398,1,0.00001,0.000015
0x033c259f72cba90357eac2e22d36f150eab19ac6,Sadboi- Editions,SDBE,,14,0.018880000000000005,0.059050000000000005
0x0341744d4cd97e3225e7f3e0fdfd0b66723f949b,LAZER,LZR,185,11,0.120960000000000001,0.151950000000000001
0x034755f257c20c6bc6f4bd3914c019382a9f9d30,Momoblack Collective,,,26,0.100678500000000001,0.135538000000000001
0x034a63375053a9c5d480d9b654942153ffd2e660,Mystery Mirrors,3BAK,4,1,0.000000000000000001,0.002500000000000001
0x034b0c39c576de448960ff978f741fbb8a32bd50,,,,97,0.074670000000000019,0.157467500000000019
0x0351d4bc75b499d97e25eda961eed266484fb394,Heaven Or Hell,HWH,25,5,0.027800000000000001,0.029550000000000001
0x0352768dbb2dc03fd6458e4a15989b7b6d55021f,Bored Rare Apepe YC,BRAYC,2328,304,0.043820555094953,0.0594707533431505
0x0352a9eb779c5e58f38f80f71d88530811ef4381,Tripping Frogs,TRIPPY,8,40,0,0.012112499999999986
0x0354088220d5b1d77f7b714d1681c21992d16510,ABE KILLER,ABE,2238,12,0,0.0002845
0x03548959450372cd363f4271c92c944ba4d11173,,,,1,0,0.00025
0x03558d808f9e73a4452ad8ca5cc14d5c0c59d364,NIJI,NIJI,786,3932,16.044142163897900402,20.371197188147375396
0x035888a0d7693e5f5f08037aa914efa0df35b549,Spirit Town,SPIRIT,2023,379,0.197781088699980003,0.247648860874975003
0x035aeb21a209da68dc1c7221160e6a67989b9729,,,,2,0,0.000434999999999999
0x035b221f05259097589a4370f13842212ce27878,A Portrait of an American Intellectual,PTRT,1195,3,0.00051,0.00068
0x035bd33639000946753652a929dc6b29ba68c7e1,,,,3,0,0.0285
0x035dd61c1abceb40a21bbf9bc9db79a1306e2c22,Butterfly Effect,LRCNBF,,2,0.000000000000000002,0.013000000000000002
0x035e362e5d1f8c41ec882b37500d4e8632381d41,Cassette Sensei,CSS,125,2,0.000000000000000002,0.005700000000000002
0x035e6e1c8e785d1ffac1df657ffef0de54bad16b,Ethmojis üòÉüëÑü•≥üåùüêµüôåüëæü•πü•∞,EMJ,116,1,0,0.00001
0x03604effee72040c89a59142774ad9b85fa00e07,MONAKI: Beauties,MONAKI,283,68,0.002566997400000001,0.006143241650000001
0x0360d20d2f170561a0c0c36f55ea4667c7adf8ed,Editions by Dennis Schmelz,EDS,,8,0.035589,0.03736845
0x0361c4a7a62909160c24c50ad11db4907e6f7d44,,,,1,0.0075,0.009375
0x0364e54fa0372ebd6738a38126747715e81d250c,VERRIER Still Life Paintings,VERRIER,61,6,0.000000000000000001,0.000000000000000001
0x036721e5a769cc48b3189efbb9cce4471e8a48b1,Checks,CHECKS,932,4457,10.453540284925000993,71.579900305637215496
0x0369edc7646948e2f36f9f85baf297bb99843054,,,,10,0.0032,0.02525
0x036de84f8dc961c4cb5b428e554381c165e9da65,2055 (with Reo Cragun),2055,521,25,0.05465,0.066195
0x03716f9a2c09ba7127d2f51980ee0e13db2be4df,Platinum Primates,PP,640,75,0.0090198,0.0115253
0x037244f1026df01b6f6880e38a64bef012d9b6e5,boogerz.wtf,bgzwtf,2660,3574,0.730444214979202441,0.982606119972269875
0x037bf28efbc02aed1d174f7c22d1bed3367891bc,,,,3,0.000000000000000001,0.001385000000000001
0x037e4beed6c165952fb8fdda01e1d83a53eaca46,Dyst0piA,DST,503,326,0.009894,0.030525725
0x0380f15a9054e3d60715283a604cae82245b40eb,Dark Brandon Trading Cards,DBTC,901,61,0,0.015457495
0x038238c141dfe7ba37cae4d96eba7ee70f9288af,MetasumeruNFT offical,MetasumeruNFT offical,,52,0,0.1057593
0x03826d1b0174ef9a5123f5ba2f62be407e288753,8bitninjas,8NINJA,1541,15,0.000655,0.0009825
0x0385c4fb2a35ea818afdfa6c33f9d17fd2499798,Mutant Pudgy Fridge Club,MPFC,449,4,0,0.00026
0x03893669c978033544a160718e3d1a3226845de6,GTVNUC,GTVNUC,906,61,0.026706,0.0333825
0x0389ca91dbc41d828f7d25347afc23610ad8a16d,Black Meta Multipass,BMPASS,1579,116,0.241172325000000007,0.329939850000000007
0x038bb7cd980a0803cb74f2fc9620981f846ae7b1,Genesiz Shapez,SHAPEZ,3500,3,0.00563999999,0.0057874999875
0x038bb98cf983b043d9a8114ed7c45475b7a6f94b,Bored Doodlapes,BDA,8888,112,0.001000000000000111,0.001250000000000111
0x038f36111fbe87c82f13b814bc78c4744de769c5,Thug City,XXX,745,552,0.202909346859592801,0.287704908051089801
0x039483c56aad5ee68a92eff1a1b666f2893c623e,| Box | Foundations,HAPEBOX,,359,0.809446939950000098,1.369285659925000097
0x0394b9121bd481260258e6eb93a0ba47580b86ef,Not a NFT Project,NFT,3333,142,0.000000000000000142,0.000000000000000142
0x0394d949eb580dd147975d8d7d857339bba09fa2,CyberMafia,CMF,172,1220,0.092972408214999949,0.155001966429999886
0x0395edf472af0db94c8d69d97f842d475ea3e995,Moon Rabbits Breeding Pass,MRBP,1827,4,0.0014925,0.00199
0x0398947346144d39e1983c3d9a63248a2655ec00,Floki Gemstone,FGEM,321,52,0.586227000000000008,0.893008000250000008
0x039910646b7bfe972016be48e08ca3bbe8029cf8,BABY DRAEKS,BBD,380,4,0.001155,0.00154
0x039952db74e9869627aeb33d8a144d654233b4ff,tiny poker,poker,489,1,0,0.00005
0x039ad6000d8ec1081c4c57fe9d6b791ffb36cf8a,naco,JPN,,44,0.003500000000000013,0.030155000000000013
0x039b9275516e5dab2e007837704ee576f60fc806,CodeArtBear,CAB,258,1026,0.000000000000000059,0.78733712453550243
0x039bfd0320fd9459b5e1f66c00d5008692a45be3,Exhibition,,50,9,0.000000000000000005,0.020500000000000005
0x039c7bf78156ad574d300d34eb4d20425ab814cc,Geometrics by Ivan Muzik,GMT,350,4,0,0.0022975
0x039f97d976b70a79293c5e0f695e842e782be117,EARLY METABILLIONAIRE,,,5,0.004125000000000002,0.009375000000000002
0x03a1343c5eff84ae346f28f7b7072624ca2b170e,DAN DAO,DAN DAO,,588,3.406023034568000098,4.640481170370500098
0x03a1c3250f13dd69c9d08c54394046f00ea67c4f,PepePills,PEPEPILL,785,20,0,0.00258999975
0x03a1e037df88001bf867e3bcffa7e48bab0cf5a6,Cool Oliens,COOLIEN,222,11,0.0003,0.0010905
0x03a30d839a4b748ad7fa50c759232827cb07aaa5,MADCOWSKIBROS,MADC,173,131,0.0125353645,0.02143929675
0x03a69eae40da8168bab4bb4f369ee33df6726b12,Degen Hours,Degen,300,9,0.00235,0.0029375
0x03a95880b0b4998f4f49373ccf1224ac19a5464f,,,,164,0.169860000000000103,0.385882250000000103
0x03a980c83bb58838298ea7689d9d4d22aad51599,Genesis Merchant Company Employee Badge,,,55,0.000000000000000003,0.004659321725000003
0x03acedd188132c05d04f72540a44898659aeeb6b,Intree Teddies,INTEDDIES,613,2,0.000000000000000001,0.000875000000000001
0x03ade60ce17fdefacd5a28b1059afc5760397d3b,Wearable,Drug Receipts: Wearables,306,99,0.340898444995000009,0.534585167492500009
0x03af2d429afc6286d34523972d1f1a95d330679c,Lost Editions,LOST,,1,0,0
0x03b008eed21889fcd29e76b4d8f89394a1fc1497,Morphys,MORPHY,1802,7,0.003375,0.00525
0x03b050f06919641e734421a19ee227566b345928,,,,7,0,0.014
0x03b44d08bcac91ee05b1723403faa6572b74b6ab,Pizza_Thestrangeone,P_TSO,,32,0.057900000000000005,0.132979968171296302
0x03b44fe743eec9a15715900b809020b1cadc9885,SxTCommunityNFT,SxTC,,276,0.000000000000000065,0.85834750023890018
0x03b48ba08ea58601147607188b9f6c9ebe4e5e03,Just Greg,GREG,1234,80,0.050179750000000002,0.064188000000000002
0x03b529f0c87eef4f5d20609f9563b83e2e7f7d8c,Christmas Waifus,XMASW,777,20,0.003095,0.0046425
0x03b821f51add4234e50ca60e527850ec33f17192,SLOW DOWN,SLOWDOWN,30,6,0.177980000000000001,0.177980000000000001
0x03b8d129a8f6dc62a797b59aa5eebb11ad63dada,SMOWL,SMOL,4201,2159,5.074275247317121168,13.399150638445605684
0x03b92f9efea51c3e605b345fda37b944a8d60181,FEEN,FEEN,,9,0,0.033125
0x03bd5b948e42de84a8929c3ab93afa484d7add97,,,,1,0,0.0025
0x03bebcf3d62c1e7465f8a095bfa08a79ca2892a1,Le Anime by toomuchlag,LAG,,349,0.863915984699942636,1.168677605874929822
0x03c1f93a15562b83e1a516f888e63d46b0acc242,Kutsuberaner,kutsubera,,1,0.0003,0.0003
0x03c21e8ec279afba084cef91a9d5555364890aa2,diiiiiiiiizypussy,DIZZYPUSSY,2516,3,0.0014175,0.00189
0x03c2561a03bef11bfd9f7fcd9537c6d4a3f5e790,Naniis Official,NANI,146,345,0.273213899850000021,0.414910849775000021
0x03c3f46e05835693dc93d6374b6bb36c979c9ac6,IvyLeague,IVYL,320,66,5.812080000000000014,8.450085833333333348
0x03c4904afd2b2fa7d8cd94ae1539f9baef6aea3c,Platinum Primates,PP,151,82,0.047594601597048002,0.367856482677298002
0x03c5b1b8a00447fbddf58fcf8571e52b0cab4cf2,Battle Hamsters,BATTLE,819,31,0,0.00174375
0x03c6ded58fb6f5763b3bf16dec7d168eba7e2467,,,,1,0.0025,0.005
0x03c7cff13261cc80b29d4d0be46800663489255e,Pets,PETS,6666,467,0.462008707070705027,0.715356060606057527
0x03c85bb65d8a5c6f71b6c932899b0885e83525ff,Web3 Spring Couplet 2023,COUPLET2023,233,7,0,0.0032575
0x03ca52671f2fd3724fba938546229fc16ca01fb2,Renegades,RNGDE,1715,4,0.0008935,0.00134025
0x03cb401d758c59d290951b9e7a198bc7bcfcb48e,LIRA,LIRA,,4,0.000000000000000004,0.006025000000000004
0x03cbdf95fc9ff23db92acdc5e05b92a703b15df0,Yasoki,YSI,550,1,0.00015,0.0001875
0x03ce4a39dd1146d052934836f73e2d7f82ab5bba,ChainPots,POT,1024,1,0.0000000002,0.00000000045
0x03d04d087e9201a56d0639ff48596465880f0cf3,,,,2,0.000000000000000002,0.005500000000000002
0x03d244b69a18a4d6477a9505bdf2a22819cd4ec7,JapanDao,JDN,,254,0.419282000000000029,0.533519235000000029
0x03d294e189f1f73540d4b7d29bb85971965374a7,Chonky Chads,CHAD,1070,44,0,0.00872889
0x03d2d7cfc77a8f5a480cface10fede62b82a791a,MoonMemphisCats,MMCS,279,6,0.001695,0.0025425
0x03d32959696319026bbde564f128eb110aabe7af,Munie,MNI,,2,0.000000000000000001,0.172620312500000001
0x03d579a8c6b54eeaafefa915b43a303842920c22,Azurbala (But Not Shitty),ABNS,2349,15,0.000384882,0.000954082
0x03d5aaf0e5fca35b33e6dd8f8ca4b7c9158f9faf,SpankyStokes VINCENT,SSdigital,,9,0,0.000675
0x03d7ef7766e853688b0a755c3124a06daf550a4d,pale kirill x editions,PKED,,1,0,0.00145
0x03d7f1dd126a4e5b287a0cc302bce7e91bc55f76,Cartoon Skulls,CS,452,40,0.000000000000000001,0.000254996913580251
0x03d90bd42506a4eb97fd8f29989f7a49437721f7,20creaters collabolation,,100,143,0.095500000000000001,0.246375000000000001
0x03db2f3465edacd08fa964d0a4dbcc8877b6e985,HootyOwlsNFT,HOWLS,153,9,0.016635,0.023385
0x03dc6e5b930b50ac539e2285665d513527f5f3fb,,,,41,0.00000000000000004,0.04100000000000004
0x03e16be6ba38f1758076b380ac824f34f9ac01cc,ZOOM ORB,ZOOMORB,880,36,0,0.00508
0x03e2b26c75879ee5ece8f71709445f5dacb81f2c,Neon Waifu,NeonWaifu,85,2,0,0.0003825
0x03e2e712ed1fd17d4634f2351f534eb60b42902e,Freak MonsterZ,FMZ,173,86,0.0566485,0.087072749999999999
0x03e3fbc3820c1d1487cd7b275cc32c226caf5d18,DFI NFTs,DFI,6885,2,0,0.001625
0x03e836cfddcaf8683751925308ae985734955b33,Non Frenly Trolls,TROLL,2472,663,0.161697667492500002,0.216100414990000002
0x03e8d95da3e015b47c86d55496c52e1a05b900e1,TheUndeadWarriors,TUW,9475,98,0.002654314814815,0.0039814722222225
0x03e936a44bdfd92ed2370507eb3d9a2bd6059f54,,,,1,0.000000000000000001,0.000250000000000001
0x03e99afd576eaf6b818d58a4efc59d2d0cbf1678,Wall Street Dads,WSD,3000,39,0.0497925,0.06619
0x03ea00b0619e19759ee7ba33e8eb8e914fbf52ea,pLOOT,pLOOT,8000,1,0.0005,0.00075
0x03ef30e1aee25abd320ad961b8cd31aa1a011c97,ConiunPass,CPASS,6303,2217,44.182856019932101238,58.619349216072626397
0x03ef7588df52e5ee736ed2971f2b507912c99059,FAKE WGMIS,FAKEWGMI,100,9,0.0367,0.045875
0x03f1e17035ef543cb8e1884a87bbc2959585c09f,SPECTRUMPASS,SP,416,274,0.291581984250000015,0.393098479000000012
0x03f5cee0d698c24a42a396ec6bdaee014057d4c8,NFTeams,nftms,10000,1175,4.561155600264783489,7.764006083124952515
0x03f6d1fdeb8e09a413f8861644cf05075610f309,VIP PASS (Peach APE Club),VIP PASS (Peach APE Club),,2,0,0.00325
0x03fa1773d665d96c7239fe86773a946df318da8b,MoonDoges,MOONDOGE,1577,1,0.00032,0.00048
0x03ffe01aeaa3417d523c09dc5f8d805301f55fa6,beautiful chaos NFT,BCOS,4,1,0.000000000000000001,0.006250000000000001
0x04000796efc3c9c9881b19441a482dd6267fce5d,Surreal Facts,FACT,16,2,0,0.0003475
0x0403b89ba9e3038d69802ad295aff29070c05e0b,MoonDragons,MOON,1445,538,0.000000000000000001,0.045153975000000001
0x0403ff1019984d0b93c7d5b9bcf88a0c7a07aeef,Foo Drop,,7,1,0.000025,0.0000375
0x04047358179df7fe24e578219336212346df1c07,MLF,MLC,3567,144,0.566572999500000045,0.931867749500000045
0x0406155937136a5472e09d9594ad4c050b1fd63a,AVIUS OBSCURIS,AVO,3333,63,0.00007,0.0027809975
0x0406243ca557c259712be750773177bc714e49f6,RR/MAYC,RR/MAYC,728,3957,11.116829176434000016,16.720404502151000016
0x0406db8351aa6839169bb363f63c2c808fee8f99,Cobo 4th Anniversary NFT,C4A,837,13,0.005025000000000009,0.053260000000000009
0x0408711dc694e955fbbe5e8978c333152270c9a9,RhapsodyCurated Season 0,,1,1,0.0002,0.00025
0x040a53f3c3af0f0224ce665378db9a06a38ac51d,WzrdsAss3mbly,Wzrd,1584,7,0.000565,0.00113
0x040ca2ef738a2a10e15ae21b65251159ad7ef21b,OnePieceOfAirt,OPA,333,22,0.00758925,0.010119
0x040ea560647bca2679d7930c4dcaf74e0c9a7c08,Infinite Scribble,MIN_2,2150,21,0.004713,0.006982
0x0411f0ff4105fdc075e5e1bfdab47183c1b9df78,,,,1291,1.131936412500000013,1.720451368750000013
0x041259e02464cac4b4a8abf89d249ab15daeab73,PhunkyDoodles,PhunkyDoodles,4444,13,0.00393825,0.005091
0x041371f35dcbf957301cf52c50bdf562f047f1b0,BambuBillionaires,BB,1500,1836,1.895411086948898982,2.392439918186123703
0x041474fc92d3e287f7c191a3de77187ae01548fa,BlindBox,BlindBox,,479,4.27706266666500001,5.01313344999750001
0x04150f928c036810be42ee2e42c5a3b85561c3f7,ROBBi Planet,RBP,9017,9,0.0116775,0.01557
0x041c1ae13a728e53a7950ac39cf94106b1a02dba,Samurai by PJ,PJ,333,1,0,0.00021
0x041d5aed58483348b0775b9a0e5f527eea0ffc71,Beaniez Official,BO,430,38,0.165852311,0.211802861
0x041e3675eb0bd6bd83b8ae1147ce962116cbe05b,SuperFriedChicken,SFC,5999,278,0,0.005160674999999997
0x042551fee3753a4f892b69784774318cb3eff32e,GASH_Genesis,GASH_Genesis,381,1141,2.122204626749886864,2.8909189689998491
0x0427743df720801825a5c82e0582b1e915e0f750,0xmons.xyz,0XMON,341,13,16.586221199074074075,22.591901498842592594
0x042b335986dc9e7f7dee138e22fc13cb081ceb26,Tsuka,Tsuka,,137,0.000000000000000002,0.1270776375
0x042c779167b7e3269ff81eb7ee4e6e29c3a517dc,Blubs,BLUBS,2222,23,0,0.0011588725
0x042d70662669b0e65cba25b6888c8946d8537a32,10K Items,10K,10000,523,0.0317202741072,0.0406505314572
0x042ded29a884f488d2d45e6e67a36ae15ddb17a6,Alexandrine (Grabbitz 1994 Version) ,1994,100,15,0.09338604938272,0.112247561728399999
0x0431c86958c03d8db757e176ed9f10f3b9a79ec5,STARCHANT,STARCHANT,621,3,0.001000000000000001,0.002000000000000001
0x043371857049a56769b8c331ec3e52a660c94f09,,,,3,0.000000000000000001,0.002125000000000001
0x043556c3769396974fb78ac9e4a1587c05eb0d85,XIA ONE(GEN2),XIA ONE(GEN2),6464,414,0.03100562369,0.04252743706
0x043a2b10f0fbbf594e0ffd95133f0b944accf66e,,,,12,0,0.03
0x043d4cf42e34e7398f19ae51d9349afa363f7d68,Treasure Hunters Club,THC,888,16,0.00714,0.008925
0x043eee30818aae7849059a84b8da0f9cbcb12764,KungFu Pepe Club,KFPC,550,43,0.004672,0.006301
0x043fe3ee44c933849d164ac963b22fbc6a70e1af,Wild West,WW,1836,133,0,0.0276711269125
0x04407a9368c2ab42a9a4bc224678292ba8df87d8,Van Goghblins AI,GOGHBLIN,2887,15,0,0.0000025
0x0441a78361da1a225df8b0cdc95ef03b03734f58,,,,1,0,0.00075
0x0443c0bdf071b4ff1846fa2849b5fe094439df63,MoonOrDie,Trying,2455,2294,1.145258380285676997,1.554504230387704493
0x0443d9dbe53a3945caaad197487b4cc2fab644b6,Nonordinals,NON,1500,379,0.622478700000000006,0.703708570000000006
0x0445b21526be5809ec28f169bff96f5e7eff0352,CharlesDAO,BEANIE,,77,0.04457,0.0662275
0x0446d21d390695cb05d73fb676a9247761f2d9f6,GakaArt,GART,11,2,0.000000000000000001,0.001000000000000001
0x0447433bd197f03be984a6053241ae8d347c5539,LogicBots,lgb,,182,0.005114000000000172,0.165723661875000172
0x044818bd9eff4be5aa7a60ebeac820cbb1027ebb,,,,3,0.000000000000000002,0.014300000000000002
0x044cb6e4f0b71abc8e01e9a83faa9b34c6277789,Ponzi Panthers,PONZI,4949,4,0.001800000000000001,0.002355000000000001
0x044ec0152b9f253f0e71e567aaf40b37297886a6,NFTNatoClub,NATO,,19,0.1564,0.1955
0x044fbd15f29cda0992b85e98ff371a2162ba8e43,,,,16,0.038,0.07225
0x04507fb787d8fd04862a8b6ef9ae2edbd15a62ec,Men Shen,MenShen,658,6,0.0005584,0.0007329
0x0450d4634f98cfdae6b0b19ddc942db5f8df7e2a,Space Cats,Cats,518,2,0.0006525,0.00087
0x0453435725ccb8aaa1ab52474dcb12aef220679e,God Loves NFTees Official,GLNftees,327,1901,0.711187439201220355,0.900141799001525435
0x045737619bb0fe286ffb8c9c81117bc4ab5c997f,,,100000000,36,0.00783318,0.02741613
0x04595560ff2f912c69e8fde4d850b72f498b8cf4,Akahk Genesis,AKG,559,7,0,0.0023125
0x045deff5743b14e3e0b91a44bfcf201c5ae68bf1,Raptor City Rascals,RCR,2330,17,0.01139449995,0.017091749925
0x045e3cd9d55bf0e8cf6202572e12e145a81f988a,GlitchPunks,Gpks,505,502,0.273850057999499991,0.399637270499499974
0x045ec645abb6b768206b079cddb59677cdb071a5,,,,12,0,0.01075
0x046607fe815dde53aaa3256a12f549d627c9d40d,HANNESWINDRATH.ETH - DAY DREAMS COLLECTION,HWDD,,13,0.000000000000000007,0.178750000000000007
0x0466fbd45d873447511a99eb95d6790ec7510611,Non-Living,Non-Living,52,3,0.000000000000000002,0.004250000000000002
0x046c3aea62046d9e125329e717bc40d89b437bc6,Scribbles by Sarah Andersen,SBBL,733,3,0.00039662,0.00059493
0x046d22078108f80314b098680ad1098dc2ef5084,Oaragma,OAG,3666,687,0,0.059731299749999982
0x046fc6008976479a91bea968e82b0fa3ae8ce503,ArtifactByIla,AI,1000,1,0.0007,0.000875
0x046fc661145d68fc61a5be6176241455b55fb2f6,THESTOICS,THESTOICS,60,167,0.287823995280000001,0.423978159979999988
0x0471f5032a0c74f51f0057e9af36dd726aa016b5,Celeros Community Collectibles,CCC,,9,0.007995000000000001,0.012617475000000001
0x04728b211458e99cff493015c05d2298f3dd6a41,KMCSelect,KMCS,,94,0.0186245,0.02793675
0x0475a2f4a27f5e096c2bd59189c82d8843d00862,Impressions the frog,PEPE,331,37,0.019044,0.025944
0x0476ba0846a79b97686223ffd22448fc61a5c0d7,CLOWN,CLWN,,795,0.617390932183227875,0.772468665229034835
0x04770d8ef9c2e20cfdea443aecb324921a4718f5,DALLE-AI,DAI,239,1,0.00015,0.000225
0x0477a628bd5722f56646b094126d4489b121b5ea,SlicesOfTIMECovers,SOTC,5296,269,0.962431300000000046,1.223801455566975046
0x047bc4b75b085ba61b45c62997f7f3c7a211d0f8,The Moodlers,M,980,27,0.0067190175,0.00895869
0x047fb9f175f796cdc34f92624492d73df58370e1,,,,1,0,0.05
0x0486f811cf3558817a90a606e19d891ccbf64f0c,DEATH GIRL - HALLOWEEN,DGH,66,1,0.01,0.0125
0x048a5cab24e9e98d7fb34aa259dd30503fdbb53c,YayWuKongs,YAYWK,4567,306,0.026678654834998337,0.038909179759997573
0x048d4cee3b2c3514908990243548fd5c4476de3f,The All Seeing Lemon,TASL,120,1,0.00089,0.0011125
0x049057f64fe1c02897947eafc04bf1860226eb8d,OG Esports X Filip Hodas Open Edition,OGESPORTSXFILIPHODASOPENEDITION,79,1,0.000000000000000001,0.001250000000000001
0x0491227fde88dbe2d73f8fb0ad967a7d421b90e4,GeoGen,GeoGen,197,3,0,0.05015
0x04934227c37dd4eefc7026c7ceeac138d2e827e1,By≈çbu by Belzebub,BYOBU,126,37,0.02614642074,0.03596114324
0x04942f6e50086a371c66d51710b0cc5eea91cf37,Fuzzles,FUZZ,1592,354,3.563199048950000134,5.970320456200277905
0x04957b201cfa512b1e1d8e56b12a84c4e59fbe47,SOS Meta ID,SOSMETAID,1477,8,0,0.00154
0x0499a16834314cfc268643709f665d4b74ae0b1a,SatoshiSkulls,SATOSHISKULLS,1142,698,0.201509202832000029,0.286222871082000029
0x049aba7510f45ba5b64ea9e658e342f904db358d,Unstoppable Domains,UD,,163,0.001500000000000029,0.450245722475000029
0x049bddf5c1aa5ec3edae66525379e3c30cdf88a7,Freebirds,FREEBIRDS,2200,201,0.060999600001,0.07636937500125
0x049c883f505d627d0dbd19de62e4fa0d8c5ef2e2,Exploration Of Orb,Orb,554,42,0.002414644999499995,0.00413178999899999
0x049dae1d7ce4818d98172216f23414ff5e600a46,Merged Ethereum AI Worlds - The Future is Now,MERGED,333,58,0.00698925,0.0168226
0x04a0949c018f9a87d6aea5106f23004623aecf98,Moon Necks,Necks,163,1747,0.4859195682960069,0.6619773828960094
0x04a4ac9c153c9deb8d98d4203c7d7756cdbefee1,Bored Doge Club,BDC,3551,26,0.008498454715333414,0.012453204715333414
0x04afa589e2b933f9463c5639f412b183ec062505,,,,25,0.116356122000000016,0.696578236600000016
0x04b392cc6cda280c41e6fd637359f6d7f3ecbc30,Wafuku,WFK,3300,8163,27.849300484925469595,42.861166526613204175
0x04b4786c3bb42387235a63628b7a4cb178817429,GutterPunks.co,MFNGP,15021,22,0,0.001892475
0x04b540a8364d5b1d59c0c5c9dd3688d1d8f96746,FudFace,FUDFACE,2222,26,0.002189995,0.0032849925
0x04bf1e1fa9ce029e4d3af454fd0edc55e7b69dd2,Elarium: Humans,ELARHUMANS,314,43,0.172549999495000003,0.267574999242500003
0x04c003461abc646a5c22353edf8e8edc16837492,Rainbow Zorb Nouns,RNB,69,68,0,0.0560975
0x04c120dbaad6ae00bee7103d54c7d1878a152c36,Sweet Rubber Duck,RDUCK,10000,14,0,1.97
0x04c295f26c6c0bb1cc32054b11f5d685599a9fcc,Frapes,FRAPE,167,1713,0.778712368134900019,1.188934352452349995
0x04c40b64f6f6bf42c2efbbccb1c7bd731554c9b0,The Karma Chameleons,TKC,127,1,0.0123,0.015375
0x04c469b60980b50c395175cc34b133678d018456,Viral Mfers,VM,10000,9,0.000010000000000008,0.000012500000000008
0x04c6dc01c19ab53595a95aef2401aee5a9a14f1d,Genuiney00ts,GYTS,1579,7,0.00129,0.0016125
0x04c75468c13d43a6df178a586e9ce1e2563a7cb8,meltingmonsters,MELT,3333,1,0,0.0000125
0x04c87b76b73ed706d4aac567e3adccb994591b1b,A3SProtocol,A3S,,26,0.003500000000000001,0.029187500000000001
0x04cbe8e9b82f1bc90fb2370c45db162eb03b7bc1,,,148,18,0.249420000000000002,0.336935000000000002
0x04cdc8a225ea813281b7a24431999df3b038f814,Rabbits Guru,RG,380,489,0.000000000000000018,0.914606000000000018
0x04ce96504b124822957bc2cba6d9c9e1824683d5,In My Head,ANNIKA,50,19,0.135390000000000001,0.155965000000000001
0x04d07201a807c20b58679fd921ce4641f990b90c,RamenDAO @ ETHDenver by Crypto Nomads Club,RAMEN,67,3,0,0.0009
0x04d1b2e3638cd67ffe1ff5097222743c440df269,Season of Giving,SOGV,,2,0.000410000000000001,0.000615000000000001
0x04d56f68c5995e49a540849ed086af5301b712e7,,,,37,0.000000000000000013,0.025520000000000013
0x04d572734006788b646ce35b133bdf7160f79995,Charged Particles - ProtonB,PROTON.B,26,1,0.000000000000000001,0.002500000000000001
0x04d80f282701aa827d81ceb87a204a21cad78d64,Third Planet Aliens,TPA,10000,573,0.1210046,0.1512545
0x04dc737b4b34abb5681afc523f3c7b1b14b31d2d,ThetalentsNFT,TALENT,116,6,0.00882675,0.011769
0x04ded697290decdd62d6976b19495b277eef167b,GENUINE INSPIRED,GI,869,351,0.166831338694500001,0.249804508041750001
0x04dfdf94c0e5e1d9101a6840e8476fbfce3fe7eb,Spooky SZN,SPKYSZN,2287,6791,6.451894498466876485,8.106773563040161555
0x04e062345c34ea36b2804a04cd7a99f8c26333d8,BioApes,BIO,1800,785,5.163975800000000212,7.194845374745000212
0x04e121df0262eb96ecb3e354a70dc6a7dbed740d,As Dreams Are Made On Open Edition by Camibus,ASDREAMSAREMADEONOPENEDITIONBYCAMIBUS,,1,0.0123,0.015375
0x04e4851de25c48125d2f10b5974fdc53c3be8335,hypemfers,hmfers,6969,7,0.0338225,0.0460725
0x04e8c03886bd9daa9a2f85ce7c43223a8cd9991e,winterbloed,WBLUT,,3,0.000000000000000002,0.023750000000000002
0x04e9206d6718f3f9f1b2d806e5207dda1d17e057,,,,304,1.83578999900000022,3.80102999875000022
0x04e9a79e9ee24a47f35d9249cff70d882b758fa8,FED UP,FEDUP,5555,2971,0.457505008132333357,0.920677016264666695
0x04edd682b4f221587e36e677f78341909ff6e745,Follow Your Dreams by Gleecey,FYD,,3,0.0014745,0.00221175
0x04eded5e17b30d897a557ff33a94663a92520e86,Hey! Reap3r,REAP3R,1112,1211,1.272799934477365502,1.802066011199429113
0x04ef60e53f4d6e4a7e3a047d92ad5be0cb4b2111,Rough Diamonds - Jersey Pass,RD,100,159,0.266602530111111118,0.336400662638888895
0x04f4ba42911165b5b02770563fb2157f6138fe88,FAMOOSES,FAMS,1618,1212,0.586665271409007794,0.800620332626510572
0x04f5b1c5c38a4c4ee90decc5561e7a1e1606b404,,,,3,0,0.0075
0x04f9decf5697c31952605fea5a3f068298b4ec6e,ValhallaNFT,VALHALLA,444,51,0,0.00115475
0x04f9e79ea418291f52e400c525f8155efbe5ffd1,Nation No9,Nat9,278,313,0.351275699999992511,0.472015099999990011
0x04fb03a5bac8eac522891e8dcb003694d75827b3,Cyborg Billionaire Club ,CBC,3093,44,0.052351000000000003,0.066488750000000003
0x04fb2d1d2f0cf959d7030e6a98ef87d0f5fe5ba8,ArtFromAbove,AFA,,1,0,0.005
0x04ff836beab2e2490c0a687cfd0095ef19cabf8b,SCRYPTORIUM,SCRPTRM,,15,0,0.09375
0x0500f3c1d1fed1d604643379510280f28d176742,Asa EDs,AED,,1418,1.750949442946015495,2.75519811557708183
0x050488975f75671ef8ebfd92d5d2cea829e90365,Dandy Bikeman Back Pain,DBBP,,9,0,0.015525
0x05050a219dc49c7b0f89ab069b71c5630e5f4390,pepex,PEPEX,555,51,0,0.00746374975
0x05062a8feae2e4c50df76f88823bc6716aed5782,Naughty Pups Club,NPUPS,510,73,0.017591924249999998,0.023455898999999996
0x05072a7137d11e281cef6f58e00dba69d66616da,SHiELD:AGE,SA,12,4748,9.820039987232246531,20.384083696722218722
0x0507a2aef2f350b7a3c11831f514532c77b4cbb7,Trollz Space Club,TSC,200,435,0.05778485899,0.0722310737375
0x050927cd6b7378864e810f7a2fe39e79e0f77b98,Psychedelic Circus,circ,995,465,0.082564181500000007,0.166469986250000007
0x0509e3bfa01454310a5a87a84492feabd3a25cd7,Y00ts Ethereum,YTS,5000,170,0.0118247,0.01661795
0x050ade3715b5396977a9e51806fbc984de843223,Crypto Commandos: Origins Collection,CCO,,245,0.228544800924925004,0.306425567899900004
0x050dc61dfb867e0fe3cf2948362b6c0f3faf790b,Wrapped PixelMap,WPXM,,168,5.12123500000000006,8.680915540404040462
0x050f823fa6b6ab633796a9f2d4dad549a18c9a43,AI Generated Art,AIART,,1,0.00065,0.000975
0x0510745d2ca36729bed35c818527c4485912d99e,NeonPantheon,PNTHN,888,102,0.377949450000000034,0.612660925000000034
0x0511475d1d7dfe91d2061998d413193cce301abf,Yolo Yolo by HashLips,YLO,250,5,0.003307,0.0049605
0x05119bff60f87d6eea902b186f2f37a13fad6da0,POPET,PPT,,30,0.00000000000000003,0.02510000000000003
0x05121295fb015fec4b44e8be7106bd31c0732bf1,Magical Forest Nightmares,MFN,355,11,0.0059897,0.0076722
0x051226f287938e3c75b380ab82c3f59bad0688b1,,,,2,0.012,0.015
0x05170641862a6525fea38bb142e700b0c1596b62,LAYC-ween,LAYCW,386,193,0.552399200000000014,0.741123950000000014
0x0517b71fd54ec7aaa1a5adb7284522b7b067743d,KK Crvena zvezda - Phygital Home Kit 2022/2023,KKCZ-HOME,,16,0.000000000000000001,0.085000000000000001
0x051d93c5ccaf5dbd11bf3c747f935c1e1c310b1d,X2E_SIDEKICKS_Ropi,ROPI,680,12,0.002350000000000002,0.002567500000000002
0x0520cd10b680484fa7dae38fbc9cdcd445ee06d7,AVIUS OBSCURIS,AVONFT,2951,90,0.034474495,0.0517117425
0x05218d1744caf09190f72333f9167ce12d18af5c,Memories Of A Masterpiece,MOAM,959,1792,40.488381036655600099,51.270305293299500078
0x05287b5dfd2a570a9311861fca3eb161c4a1f3ae,NotJustAKey,KEY,5555,1993,2.481044651494539606,3.185822103466786856
0x052d3a950eb81c06857e5e57b2d86246689768cf,Brewies NFT,BRWS,921,25,0.014676675,0.0195689
0x05327e6e27f251d2f2cfdbc37b9f289cf9f21529,Camper,CAMPER,7434,56,0.000000000000000056,0.000000000000000056
0x05367209f0de3d0a15f05d5e8d803f9fa69d9bff,Okay Pumpkins,Pumpkins,2222,29,0.00507492,0.00707942
0x0538949c2e21fb0f7be31439789ea29e2b90f359,Heroes of Hiraeth - Origins,HOH,255,3,0.00415,0.0083
0x053aff5369ad4fa9539fc04e132f58ef2a4f01f5,My Buddy,NVLPE,178,1,0.000000000000000001,0.000275000000000001
0x053b6492184e812d93d2c739d1ef918c012d93aa,Paper Boyz,BOYZ,135,29,0.199249999499999508,0.328179999249999258
0x053e3f3ef19704088329d60d3ac43db93ed327a5,PxlPpl,PXLPPL,598,19,0.00347995,0.010612425
0x05424d7dc7b6263bafe39d5137eaf13a59250fc8,SIM Share,SIMS,43,2,0.001000000000000001,0.001500000000000001
0x054441c5b0a68349a4455cc8581d4f7dd2d96574,RWR2 Open Editions,RWOE,,4,0.005978,0.015228
0x0546943725a79bec3a423e865f2b6861f9825324,I HATE NFT,HATE,999,55,0.003449075000000001,0.005998150000000001
0x0546f6d538a2abf964ae4d537a131b226eba9285,,,,133,1.366645000090000045,1.805976250112500045
0x05486e17c757f247ddb811eb7676565d4390ced4,Going To California,GTCSA,18,2,0.000000000000000002,0.005000000000000002
0x054939c96ee1dbe06da34661321aabd27d6f9812,TheStarslab,TSL,1390,44,0.0295201,0.04428015
0x054c11ff53efcf32d3d6318f96c4d8f7940d58ff,CHOKE,CHOKE,50,5,0.02222,0.02222
0x0553005894694279ef30462e43b9c0a12d03f709,FOLD by AGENCY,FOLD,333,82,0.053553400000000001,0.080830100000000001
0x055309ea3584a57f88d77b21fd942866cad4db49,SPOOKY SYNONYMS,SSYNON,308,82,0.339052401999350009,0.481447171999100009
0x0554f5c93141df1911663295c98bb4e0d6e85f1a,Epic Journey,Journey,102,4,0.001271175000000001,0.001774900000000001
0x055620e59bf3146d3f2f0e15a0e07b3d37b5b98b,artsonist,ART,,13,0.000000000000000003,0.020892250000000003
0x0558ef499cc9a20b291e353a3d78bf927edc2e94,Glitch Labs Editions by rust,GLE,,43,0.789137200000000008,1.510457200000000008
0x055aa75d3f9ab4c45459aae3793fd631fc16172c,Jungle Class,JC,275,1997,0.252641352620000035,0.781343156843280307
0x055c902d13a5bb72f08dbfff36f7eac67b242de2,Warrior Alliance Genesis,WAG,500,18,0.13605,0.204375
0x055f16af0c61aa67176224d8c2407c9a5628bcca,archive edition,AE,,3458,15.554444141343750439,25.802738841016125188
0x0560e8081654b465593595c152be9cf5d8214bdf,The NFTits Club,TIT,564,3,0.005800000000000001,0.007550000000000001
0x0562c206e1099870f5721fee74ae375eb99d11b6,O1,O1,,2,0.000000000000000001,0.000825000000000001
0x0565603569e2a69559902936cbbd781742c206fe,Skeleton Kings,SK,734,3,0.0029,0.003625
0x0565b1fe22b68fad51a1c0fd068c4a65d5d9796f,Born To Revenge,BTR,42,85,0,0.0145552
0x0566b3d68bd5c76179cbffb62e1ffad6ec2acbe0,,,,395,0.350558704746176457,0.564001946023662432
0x0568a87e64e65f4cc7898e08f0e57ffe2aa6241f,My Breathtaking Pixel Bois,BOI,,43,0.007015750000000001,0.038190750000000001
0x056998cac28e54e0caf8dbdb1862c65b130afa90,Beardoverse,BVER,2000,439,0.011594230000000005,0.054326837474999996
0x056c91dc9ea9f2119e650ba228176ca8e2e46460,Moonbirds Myth,MM,10,74,0,0.113271497
0x056f23fca7806ec774262df29685f395c63ddc9b,AI RENGA,AIR,750,16,0.0294,0.0441
0x057169c194cafe6a0e9f8d29800bdf8941840c4a,Robottoz,RBTZ,3972,10,0.000577995,0.0008669925
0x05734427807d5861f0e85d83a8b9627023dba4b4,Toxic Turtles,TT,4872,82,0.004662595,0.0069938925
0x057375ea82c1db5897e6de07a5f9fc50b53a37d7,Disturbed By Lisa Walker,Disturbed,370,59,0.022935,0.02866875
0x05742ccb04672984606f175ed769d306848723f2,0xBROKERZ,BRKRZ,1477,1,0.00015,0.000225
0x05745e72fb8b4a9b51118a168d956760e4a36444,NFT Worlds Genesis Avatars,AVATARS,11865,2550,9.655053321819169215,15.384072691212642408
0x0574c34385b039c2bb8db898f61b7767024a9449,JOYWORLD JOYtoys,JOYtoy,3397,966,9.172671257762715694,11.799980024856034904
0x057847a1c11a34d1a92fb61e87d38707a9ee34c7,PREY,PREY,,807,1.118266589989999698,1.687621634982249284
0x057aa30e269d9c70a76f77641a96e7b734a7d545,Businessneeds,Businessneeds,,2,0,0.00125
0x057c3f60302089aef88566a1a74d8005f45c286c,Meru Origin Verse,MOV,1228,2,0.01617,0.021945
0x057db6143fd04174d97cb6e34ea808ba47c63ead,LoopableBalloon,LOB,,3,0.009,0.01125
0x057fd6074e39e5103c1ecfdc6bf2d014f8802c57,Trill Checks,TC,,12,0.007728000000000001,0.015120500000000001
0x05832836e6acaa53d465beef1170b8a199b93af9,SakaiNFT,SAKAI,732,7,0.000716,0.00093975
0x05844e9ae606f9867ae2047c93cac370d54ab2e1,AO Art Ball,ARTB,6776,1364,4.646700226479975394,7.861130910735000393
0x058678880a371587182f3094be957706c482d91e,Ponpons,PP,4444,425,0.052538020049999977,0.082312030074999954
0x0586d61c978acbf8bd793649d7f33158a1d8fc93,McTubby Cats,McTbc,10000,12,0.001167,0.0021395
0x0588a0182ee72f74d0ba3b1fc6f5109599a46a9c,Dorkis,DRK,4724,38,0.01800955,0.0249363
0x058e695ab02f074558003e8c2ef58270d857a432,WHITEBOOK,WBK,,4,0.000000000000000004,0.001303125000000004
0x05973b34c0dfe801cb662ecb3dcb53366746de8c,Proof of Ethereum,ETH,2141,42,0.000945,0.0014175
0x0599699bbfc3a92589ad249607f7265c08a1fb61,,,,83,31.126380000000000022,50.199705000000000022
0x0599fdfe6791a4a0a31cb221fe20d1b81a7408e3,Alpha Cats,AC‚ö°,,3127,0.82373435103820001,1.229110026557299996
0x059ad9cf4e51f75a7196c88b98f559ac55311067,SL Notify,SLN,166,1,0.012,0.0126
0x059c07a7e28f646e45fdedc9ac982f1afecc83e2,,,,1,0,0.0027775
0x059c5890a39fbd83f0c9b19180fb3f4edc187802,Pixel Baby Ninja~Missions~,PBNM,1731,4392,6.002960601115966979,7.606702109244958646
0x059ca3eac4e44a36811c95dc305b389dedebfe41,SUNDAYZOO,SND,13,2,0.000000000000000001,0.023250000000000001
0x059cb989e91140161da469a33c72b103624557c7,,,178,38,0.355814000000000015,0.510351250000000015
0x059edd72cd353df5106d2b9cc5ab83a52287ac3a,Art Blocks,BLOCKS,10637,1173,891.189497119329365344,1261.367242970355820373
0x059fe709418398254222ad17e280b55dc6371b5d,Rare Elements,RARE,555,368,0.055436999999999994,0.171223749999999984
0x05a07fa4a0ec8d6c89901eaffa92cc0dc6dde592,Creative daydreams,ART,6,1,0.000000000000000001,0.000025000000000001
0x05a1a54c3bbd5f36348dd00e0463f8b73a1d4d69,CABINS IN THE COSMOS,CITC,242,38,0.00158875,0.0031775
0x05a268c2bbc0112e54c737cc4f9bbf04acb322a5,Sugary Snack Dolls,SSDOLL,,4,0.000000000000000004,0.037711250000000004
0x05a46f1e545526fb803ff974c790acea34d1f2d6,n,N,8888,295,0.014130000000000146,0.133558547519400146
0x05a7328f81fb1ed77a405cac4621d2eb33530f00,Collage Bots,CBOTS,756,6,0.003805,0.00474325
0x05a7e9770ad5f833e67038ad6435655a3cfad6a2,Blockchain,blockchain,1899,2,0,0.00075
0x05ab5a50f77b9957b51145b259f05e805d84e92e,Goliath,GOLIATH,505,122,0.070349695000000007,0.074602364500000007
0x05b4c6f0715ccdad3f66cba4fba889bcc5954a2f,Kami Reborn,RBRN,1305,165,0.131488999500000002,0.201460999250000001
0x05b505f6bda522efd3b5f63b6338f275f14549a2,LandVoucher,LV,1836,201,3.694538950000000065,5.847685955000000061
0x05b77ef77b12f8f84893841efe15e887ebc3ae95,,,,2570,1.2351286770239145,1.855380515535871748
0x05b9102dd95c1342017e7cf495912f982cbf3fa4,Caroline Town by BFTXYC,CAROLWTF,585,117,0,0.002239297499997225
0x05b997000257e87060ce22edac2e28112395f57c,Loud Circles,LC,,6,0,0.0095
0x05baf9f1961e1ed1dac222a1f97c479441b31b34,SANGA,SANGA,,6,0.000873000000000002,0.001313000000000002
0x05bb6ef23f67497eb7d2af883d1ccf00fcc82987,0x_unidentified,Ox,,5,0,0.14405
0x05bbbfa5e08b3716d38e0a77ebbf092d000b9bd8,Quack Ducks,QUACKDUCKS,1420,1,0.000195,0.0002925
0x05bc12ce3f345c6166250eba42e102214682d34e,Good Luck Gators,GLG,456,166,0.000000000000000034,0.890975538341547578
0x05bcf3681684f3208a6369365e8c661679ad4f68,Editions by MIKEY. Woodbridge,MWE,,1,0.00085,0.001275
0x05bda5b5cb50dcc02af5e346b4c3fcdb68bb8f52,Ascension,PWA,,265,1.192157256733334083,1.745373756483084083
0x05c0a4ad31ccbdcbc61c53f09f4cc428066fd80a,TurtleCase Origins,TCGOG,114,1,0,0
0x05c53cab431f02d159858b8564265c87bce9d4ac,Mr.Rich,Mr.Rich,303,648,11.826809200000000018,13.854458650000000018
0x05c5b1e9b3f0a195159be1982fec824a9c9549a3,The Look of The Other Open Edition By Renderfruit,THELOOKOFTHEOTHEROPENEDITIONBYRENDERFRUIT,256,2,0.000000000000000001,0.001750000000000001
0x05c62465f86021ab7298d0c979fdcd48362b6e09,Kids Fight -Special Heroes-„ÄÄ,,1,2,0.000000000000000001,0.001714687500000001
0x05c682bbbd25ba7153825fadb3ceb31cbf807524,Valhalla Trump,VTRMP,383,283,0.023482634,0.035658951
0x05c74546a88824bb6e988772f09915f28d76dcc8,Lil Worms Kami,LILWORMS,999,4,0.001045,0.0015675
0x05cd706683402326d86ceee3fa98ff4532dbde65,2dank Crew OG Supermix by WizardX,XDANK,,147,0.088519000000000006,0.128921558499750006
0x05cef8e8eefca214f7ed28564c980e6d45a2bf1d,Golden Voyager Party,GVP,1306,1,0.0015,0.001875
0x05d1e341b11b9e14f7b881c5cc03a2023cc2a546,MIMI X META,MIMI,,16,0.086,0.1165
0x05d29071cf95e34daca74654afa4e092e0f0e052,Stressed Dads,SD,128,4,0.008975,0.01795
0x05d41cdc5c20aaa81475a6b1766fadf41c659bb8,Kanji Meka,KANJI,540,1291,2.663934717286548124,3.875882623918058116
0x05d6bb9579a8eb904a74c266ce3451c91bbc51d1,,,,22,0.059961,0.105386
0x05d79a0abbc124942f673a7bbb58aa1e2c87d43c,FREEDOLLARS,FREE,6,2,0,0.0000675
0x05da4382f67eeb8dd631a6d271b028e42bf31751,Floating Friends,FF,279,28,0.000004,0.002506294444444444
0x05da517b1bf9999b7762eaefa8372341a1a47559,Keepers,KPR,331,6796,135.830021690981620631,221.893557707059699602
0x05db29d00b6b107330dac792869f39328316ed34,Cocoshop‚Ñ¢,Cs,284,4,0.0003,0.0003775
0x05dbbe4baed86d9b1da83e67dea6326e2617dad2,LucidSight-DODGERS-NFT,DNFTCB,40000,5,0.042165000000000001,0.064497500000000001
0x05dcb412b0f1bc8dfbf891bcaeef6b8c902cb73b,Humble Secret - EL Edition,HS - EL,15,3,0.0156,0.0195
0x05dcf2e0dc88915867a18b23fcfe655421a78bcd,Everything's Fine,EF,,1,0.00022977,0.00040227
0x05dd4dcf12502034139434d1a2cfd9b7ad624ba1,Hello Kitty and Friends,HK,48,2,0.000999,0.00199875
0x05dd54728b03717cb605a0718da167d2fd0b6ba7,Project Ghost//,GHST,,15,0.362100000000000002,0.583425000000000002
0x05de4d97b417610d88fceadde70a8661f9ca0820,Simpler Times,KJSB,,4,0,0.0002
0x05de7fe80a689cbd238cc1c966cc758949cd1774,POOR PEOPLE CLUB,PPC,3069,569,0.243152159899999992,0.304352699874999981
0x05de86afd8d7eca861813befb8d28e33d987cdc8,Kibo Pixel,KIBO,7777,16,0.00059,0.000885
0x05de990a8f0452b9914c4e391fd6f23ac2cb4e72,Click Chicken,CC,68,5,0,0.0243
0x05df4ada01d4b7d46996eb01a0c7607ebbcc09e4,g00fs,GOOF,654,1882,7.066441085935863112,9.916278354466972848
0x05e0d5f4d2f937c1146a8425cb1e92723310f191,WhoDunIt,WDI,317,890,0.453539501174116496,0.60537433489882199
0x05e4c0a3bbd5cd096f340cd128faec0b3af58339,UP,UP,,7,0.00333,0.00444
0x05e7f2499ff153fea2f20bbde0b5584c911c0af1,Something Token,SOMETHING,10000,3931,14.246684958569053455,23.718708194558604592
0x05e80f7ea1bcf0bb52a6f56a2711e1d2fa9802b1,Volume 1 by Das Model Collective,DMC1,200,179,0.158587500833325765,0.212787501111101017
0x05e90ae496c133b2c22286767a20907b8fed8818,SaveTheDate,STD,179,67,0.203301750000000009,0.276519000000000009
0x05e9746143361907be5722d79c2e4dceadc6dc61,Hurts (feat. Sara Phillips),HURTS,25,2,0.026,0.026
0x05eb42b4aee7e073fc077767a9fe8b21c40e5ce3,Geeks,Town,1555,5,0,0.0004075
0x05ee5009f32b3036d3acd7301d72347a6799562c,,,,4,0,0.0027
0x05f02507c7134dbae420ab8c0ef56e999b59da03,Vault,VLT,,30,0.000000000000000003,0.026300000000000003
0x05f28fde7d643b98009b30ef121830f5bae6584b,Soul Watcher,SW,547,168,0,0.02566925025
0x05f81f870cbca79e9171f22886b58b5597a603aa,Zer0 Name Service,ZNS,780,693,11.152601341608100196,15.952220619644133529
0x05f99754fbf2546df288e2bc9281197d8a93339c,Moon Baby Birds,MBB,96,1,0.015,0.02
0x05fa7b734596822b7a9c63b37f3d0cddaec3df5b,Grandma Ape Spa Club,GASC,2280,473,0.9516307159391528,1.325305029761903873
0x05fe017770d0ca164736537177e1d571d16bbade,MineableWords,MWORDS,286,1,0.0000001,0.00000035
0x05fe4e1c113272211fa00983f162d04cd202ff53,BoneDucks,BDUCKS,726,4816,12.040679757521095266,15.358155368069424607
0x05febf6a40a672854b3549f2b814e9a9946e6cc7,Floor,FLR,3016,4,0.0002387,0.0003162
0x05fee3b8e939acbb4e8073d784e3ec0977509770,Angry Pitbull Club,APC,10000,1603,8.611905801608325442,12.344240207518600432
0x05ffbb90241d2f9596ebd352323695127aedca30,Negatives,NEGATIVES,4444,56,0.000000000000000056,0.000000000000000056
0x05fff03d9d82b5fc12f8e43658d6bf80444be187,Taut,TAUT,,6,0.000000000000000002,0.013250000000000002
0x06005ca3bd24ce5fc74636095d35ceb39156a574,,,,6,0,0.015
0x06012c8cf97bead5deae237070f9587f8e7a266d,CryptoKitties,CK,2013273,4588,0.000000000000000107,1.935085398756638743
0x06020dc73b2a7ed86a1e553c2cc1794e41e74228,GranpaOB,GOP,3937,10,0,0.0000025
0x060299be6b313b72ad37cdf319f733c850f5f3f7,BokiSilhouette,BOKI,4444,2,0.00007,0.000095
0x0605cbea06e6c49505e8e59bbd93a9dfa7e10b07,Chapter II Metropolis,Chapter II: Metropolis,1001,107,0.0277278968331,0.0369705291108
0x0607d197c5e125775db755a70ae064dd05272e00,Wmfers,WM,3198,2,0,0.0002
0x060a8c81d1932c05d0038a65ad2654de4e7237ec,fundickpix.wtf,FUNDICK,278,5,0.0000515,0.0001965
0x06106e17becaf86900238fcfe1e804d70004c7a1,DEGENuine Bits,DGNBIT,3596,20,0.000936567,0.0016482895
0x0612dbc8671270768a10d1f6d5d988fc4ff23a1b,,,,16,0.008163777775000001,0.012214666662500001
0x061508d4649a94f2b93eed377fdf3b137682149d,Eldar Zey - Amber,AMBER,35,3,0.0224,0.02465
0x0616a2ef54bad0b37dce41c8d8e35cce17a926f3,BYOLand,BYOLAND,10056,1638,17.693268904223168475,28.982274152577249983
0x06172409226764d4ebd16b6a9ea86998c793b527,Semol Birbs,SEM,109,2943,2.386314301033484542,2.466157913028484542
0x061eeeb31ee39b64d9b24d2ec91f387cbb57e05c,Stimulus Pass,SP,4747,74,0,0.14875
0x06220ab8413f9911403548a36d4c9dc6481e6918,MetaMilfs,METAMILFS,1158,90,0.138834900000000001,0.1898874
0x06245be6757526641b7cf1e05cdbc1176184dfcb,mf3rs,MF3RS,10000,134,0.084932700000000013,0.108973375000000013
0x0629600c7d126c3b62cad9b7e1fc93a59199ee6c,Hot Wings Collective,HWC,,3,0.001450000000000001,0.003425000000000001
0x062bcfd4beca3205f358d3e38dc4139a46110838,Genesis Creator ID,GENESIS-CREATOR-ID,62,1,0.0011,0.001155
0x062c74e593ce3c6574f126a1a35ab55dffdd63a6,Crazy Camels,Camel,2000,77,0.136100000000000011,0.173861140000000011
0x062e6604ffa8d4ae459df58aec848a2d3171d881,apileofbones,pilesofbones,6666,6026,20.554833212288318251,28.366364695129278518
0x062e691c2054de82f28008a8ccc6d7a1c8ce060d,PudgyPresent,PP,7399,4033,47.021717401036958924,80.155493038745026645
0x062ec4e75efa2001acd654843827d1800c8568f1,Okay Cub Kennel Club,Okay Cub Kennel Club,2000,2,0.00019,0.0002375
0x0630d122336eb79c82702c52aaaab8085327d480,Aes Bears,AES2,1470,74,0.008258069500000001,0.011407426000000001
0x0631cc561618ee4fa142e502c5f5ab9fcc2aa90c,Vitaliks Boner,VBON,122,1,0.0042,0.00525
0x063233df3a67da480fc2c111836c11cfed48931c,Tigerversss,TR,2823,34,0,0.0129475
0x0632adcab8f12edd3b06f99dc6078fe1fedd32b0,Surge Women Passport,SURGE,5000,287,0.332861099340000036,0.487546185514675036
0x0635c438bc66d3177ba3de5411a10ecc25f8c512,Sounds of the Garden,SOTG,,3,0.00042,0.0011925
0x06396fbee2095c3dbbf9115efedcd69ca10c8038,Arcanum Academy,ARCANUM,10000,137,0.00914175,0.012189
0x063d9fa4e0ab15bff0d71dbda65c1d53da2d0f0a,FlowerGirlNFT,FGN,1,6,0.000000000000000006,0.046256886015625006
0x063df09133d3efd4b6c5af3701a1d19c8f385534,AcidBurn,AcidBurn,263,26,0.040344950000000004,0.045594445000000004
0x06413f8dcf2041c2588ecc0a1032d6afd74fd3e4,,,,3,0.0551,0.068875
0x0641c5bd33b0e71e441cc65b7d9bc0182276b185,PSS Bingo,PSSBINGO,521,7,0.010870000000000001,0.014087500000000001
0x0642b6fee09b530a5e29d77495ceeceb039cbf9c,an elizabeth,an elizabeth,,40,0,0.00000000000001
0x064384068d50efa9e61459dcc4d9ca263d78bee0,Delusions of a Disappearing Mind,DDM,87,82,0.278539123611061067,0.428658685416591595
0x0647e3137ce7cd942ef8d8f1a35f10459973d069,Tiramisu Recipe by STILLZ,TMISU,,38,0.22133649,0.2768682375
0x06484e07315483d57d402b7a658adcacf1830c03,h8rschix,h8rschix,3000,819,0.246202850000000001,0.375554275000000001
0x064ae4562e52dd2a6679ac309f23f44d081c263a,SiberBaseball,SIBERBASEBALL,6000,1,0,0.0035
0x064d54c858f884698ef34b1cae5d989a2414e1b6,WhattyClub,WHATTY,4128,28,0.002252249987499751,0.007004499974999501
0x064f9547a78bd5ba35a7aeb2221de69b86cd6307,Floki Inu - Ruby,FLOKI-RUBY,453,52,0.00000000000000001,0.80037805000000001
0x0651132f094551f9d4e40de3e1e2f8b7ac149c3a,BladeRunner Punks,BRP,10000,612,0.327908553892402536,0.550214870889870036
0x0651ac4735e5fd6f43f32810d055656fd9ecb737,LadyViduals,LV,6,1,0,0.0005055
0x0652c0161ae5d8f2c5846c75d4f660169a98c8b2,Rolly Hugo,ROLLY,800,380,0.1534065,0.1534065
0x0652f6d4e01873b779a9250378bc5a330049d633,HEAVENS TOOLS 8 BALL,8ball,,20,0,0.0064
0x06553b9afd9d3fc838b39a4f4256fcd5c9915d54,Êù±‰∫¨Ë£ÖÁî≤Â∞ëÂ•≥,TSGC,635,885,1.664105899990000042,2.097776274987500042
0x0655a05f6090ec9f2e2a30180c893693cf02d466,Royal Flush Ape Club,RFAC,8888,50,0.049742053470759548,0.062177566838449434
0x065615f80bc621f916eaa6e0a5c6b2d9733cc0ba,Test Ticket NFT,TTN,5,1,0.000085,0.00011
0x0656cd9fad1b63f2f56b45d2b5c28552bb33cbaa,The Metabitz,"M2BITZ (X,Y)",46,1,0,0.1025
0x065d5372c7324b4b3b44f19211a829fb0479ffd3,Vandals Union x Lurk Loves You,VUXLLY,166,1,0.0015,0.001875
0x066442ac7d064e40f3df18351c18bb691b36ac2f,Catchy Cham,CCHAM,1,1,0.00035,0.000525
0x0668940273c248e8b4c633ad1214d35ad174c1c2,Degentown Official,DT,,313,0.0371967551,0.0730162301
0x0669c91d3efaa2e5402dad1804ccc92c8336297c,What a Notable World,NTBLWRLD,58,1,0.0005,0.00075
0x066d498c64faf49c265ccfc522b8b3a37449c177,NotGoblin,NGWTF,6969,3,0.008035,0.0080375
0x066e1f00b845366e474199004a697decc471a048,Mechapixel Genesis,MCPXL,1000,37,0.00343725,0.0058485
0x066f20cad7061b49ada828c573b4cba853077504,NEWSSTANDS,NEWS,79,4,0.048,0.06325
0x066f2d5ead7951f0d0038c19affd500b9f02c0e5,CryptoJanky,JNK,13684,815,3.934231423591975405,6.047449260500466561
0x067154450e59e81ed6bad1bbee459bd7cc2236ea,LostParadigms,LOSTPARADIGMS,1269,499,1.983619578899900048,2.520105223624875048
0x0674fc79b164a17aecad78b5eebf587a87ed4618,Ether Sign Pass,ESP,25,2,0.011945,0.0179175
0x067a1eb5e383ed24b66d72aaf80d8d7db3d299a8,Sandbox's ASSETs,ASSET,,10,0.027450000000000001,0.042175000000000001
0x067ab2fbdbed63401af802d1dd786e6d83b0ff1b,NFTBox,[BOX],500,4,0.003090000000000001,0.003962500000000001
0x067d58112af1744e05d9983e62f6838833e2567c,Havaianas NFTh,NFTh,362,21,0.083759250000000006,0.116904000000000006
0x067ed6c60d8221667e95380b57a010b84598eede,Mone¬• Zom‚Çøie$,CATO,,3,0,0.0052475
0x06821bfe96b68ecec8f3a9c0e5c4fabffc291539,Pingers Editions,PINGEDS,,372,0.824753468511000095,1.209631989985750095
0x068243ab4b5c5e9d5deb6946c1613d41020116a1,Duggee Daily Dose,DDD,122,5,0.0075225,0.01003
0x068416b0be9203e745ef1caf2380f2be9fef759e,Meta Dragon,MDS1,1111,1,0,0.0000025
0x06871cd9ce2486dfc89567031a3625e59b41cb47,Cocky-Cockroaches,CC,18,1,0.00875,0.013125
0x06873fea79ff39c5d27c6a65045157ba59664724,Choco Insanity,Choco Insanity,600,97,0.926528735,1.3904106025
0x06898eee70e6a67f5875411a2741a930f5437ce5,Angry Chimps,ACHMP,1500,358,0.130613695800000002,0.185334194050000002
0x068a527c3f36c249961db84fea305664a2049dad,PirateVerseShips,SHIPS,6,1,0.0002,0.0004
0x068aacdcdb3b30060f194f7532d40db5e78a91f8,Crash Test w/ VARI,CRASH,20,3,0.012000000000000001,0.015000000000000001
0x068acf47f18d07ac332123002e46e0247b973ea7,THE DARKACE,abc,3333,1,0.00025,0.0003125
0x068e07fc3f59633ebdc0d053c19e044c9921dd46,zero2hero Owls-Patron Birds,Z2HN,10001,1,0,0.0025
0x068e99b7aad2626c9a3eaa38ea4243a65e53e831,AIKaijuz,AIK,1218,3,0,0.000339
0x068f74749c24a42058563035f8c786362fc96494,Fabricated Fairytales Open Editions by FEWOCiOUS x parrott_ism x Odious x Jonathan Wolfe ,FABRICATEDFAIRYTALESOPENEDITIONSBYFEWOCIOUSXPARROTTISMXODIOUSXJONATHANWOLFE,1464,101,5.29474999999900004,7.44644274999875004
0x068fae1ccde0800f9ee55aace9b582a267763038,Volume 2 by Das Model Collective,DMC2,1024,47,0.023067900000000001,0.031382200000000001
0x06903cc35c37f90b4a9ef38b0b037262a327f83b,Light Annual,LIGHTANNUAL,,99,4.297436969690000017,5.572890962112500017
0x06911466341299d79e9e1368a016c73d009691cc,FewoWorld Paint,Paint,,1853,96.911269724663117664,124.727494888328897015
0x06916ab845aff097ae42d4411bc2dc787e860765,Kanpai Panda Final Chain Whitelist Pass,KANPAI-FPASS,193,53,4.930900000000000013,6.517850000000000013
0x06941cddc03f45ff77817b40f472770a9a730aec,Meme Genesis,MEME,105,5,0.0004,0.00077
0x0695c3b1407550c2c19bf7f840df19ced1853dac,ArtBlocks,BLOCKS,100,4,0,0.00008875
0x06971f85c9e0ba82e9bc4c7be54f601dded00835,Proof of Cheese,POC,3333,5231,5.515236811725343883,9.018516870701891173
0x0699033f585e86af25efef20f1a192def9b6eab9, UsedToilets ,UDTS,1000,18,0.00125,0.0029375
0x069b6404c43fd294d21c6dee90893b360588b524,EDVENT,EDV,,2,0.000000000000000001,0.000875000000000001
0x069fc3b6b7251a8ea0d684994aa9684e6b78e111,Boos Crew,BOO,491,37,0.057245,0.0858675
0x06a44009d1c3c966f72834d2777f666efedaa23c,Chadinators,Chadinators,1596,13,0,0.000143
0x06a44fc5472cedaf424fcac2275bf33304706102,HAKURO at Holy Night '22,HOLYNIGHT22,120,36,0.08807,0.1100875
0x06a68f82aa380653b8ed6f73b618a206ab090ab1,EDOUARD Editions,EDED,,6,0,0.0093
0x06a6a7af298129e3a2ab396c9c06f91d3c54aba8,0xUniverse,PLANET,403026,96,0.007003700000000001,0.013902400000000001
0x06a800304cea2de9ff00eeeb53945503312d197e,Meaning Within The Universes,MWTU,,1,0.000000000000000001,0.001250000000000001
0x06a819a134fb06354a6920f474279a12cec62779,Lucid Paths,LP,1000,64,0.057455800000000003,0.082705300000000003
0x06a8a9602cb256d6130d0bd9a0b4dc92306fe8ec,Infi Torem,INFI,365,1,0.000343,0.000588
0x06a9461552856d4a40192560e21e201b2492d8a5,CryptoBlurs,CBLUR,168,1378,0.663094945000000116,4.243407937172497365
0x06abd576711a4bf85aa2fcd9be3621d51742ed39,ATOIDS,ATOID,990,231,0.0014217445,0.009138067
0x06ad7bb40decf80c054483c924c8c2a50ab86985,Lil Duckies,LD,252,2887,3.249180414742719307,4.471070116660807596
0x06af447c72e18891fb65450f41134c00cf7ac28c,Sushiverse,SV,10000,117,0.04851,0.072255
0x06af6dd59354a40358091b9644db7a72b3a2297d,The Evos by Jcode,EVOS,699,57,0.072265000000000013,0.094286250000000013
0x06b08d62c81840aa84372643a0c058f3f6accf44,Trump Troll Digital by anon,TTD,333,11,0.004085,0.0061275
0x06b1b815138ff3188ec38a26a13676d5a1069952,Eva Turtle,TRTL,5000,563,1.24855342416932519,2.141735158753987679
0x06b3cedd03af0038239bd10e1903f631ef3a1347,Neon at Night,NaN,17,6,0,0.01125
0x06b3e0f4674474232b6cee01e14d7ddb08a04fbf,Skater Birds,SB,2507,516,0.432783714430000019,0.634913721580000018
0x06b3fcc9e79d724a08012f0b9f71bd03b415d334,Never Fear Truth,JDNFT,3850,636,8.059612949500000224,13.58615055200000021
0x06b6058c48de9b365b07b901faacf19ea51b86b2,Shackers MintPass,SMP,,1,0.005,0.0075
0x06b6553b18d9137cffc481c48251c4b07579a70c,Kooks by Terry,KOOKS,471,1651,4.2196111926866297,8.809171395873259199
0x06b72eed26eb8975e0e118eca7535dda06fd3e70,Golden Ticket,JUBI,97,22,0,0.007689725
0x06bc29b8dae268fd7112534f4a75a746abd216aa,Cryptodickpepes,CDPEPES,2000,205,0,0.013578384641724999
0x06bc6bf1432c4f28da6ad2bee7d6e62f91b1b669,Sorare NBA,SON,,1,0.0005,0.00075
0x06bc70a8b30609d70149f0dbcb65b2b8cf6e917e,3D mfers by mferverse,3DMF,1369,9,0.0036,0.005475
0x06bcab7137b300da5a4d0ce047a71f4e7192c1a3,,,,42,0.071195000000000029,0.140642500000000029
0x06bd13b72ebc4b4e7b5054402549e2bcfb49f160,MetamorphosisNFT,MORPH,76,172,0.000000000000000008,0.156126474999500007
0x06bdc702fb8af5af8067534546e0c54ea4243ea9,Fury of the Fur,FOTF,3100,2843,1.26518864456600004,1.846122241849000032
0x06c02f11b0fbde0954a5e23e9b1a61e82b671cb4,Nightmare,Nght,229,28,0.01597753980000666,0.02197511480000916
0x06c3afb91acd3e383795441f30ca39780fab65a6,Skell Yeah,SKELLYEAH,851,581,0.986739569994749941,1.330681509992999915
0x06c402b357a72477b3830767fc21414080e6577a,Artifical Perception,ART,111,2,0.000375,0.0005625
0x06c61f83f443645d4f68343ebb5a02a14ac77a16,rum0rs,RUM0RS,342,43,0.00926645,0.0138014475
0x06c6438107a829d3a6519d6a741622446fcf3082,Ordinal Opepen,OPEPEN,697,1,0,0.00005
0x06c6db12875e254a0e0c7259c7d4993e017edc80,ChunkyChickens,CHKN,3333,76,0.180659181817000006,0.226698977271250006
0x06c8bb145b5796557b69758f6f7be45d245de9dd,xsullo,XS,,112,1.052670795000000022,1.243498427500000022
0x06cfd6dedeb5992d24bc2acf822b4435132a7780,The Trophy Room by Jason Seife,THETROPHYROOMBYJASONSEIFE,53,1,0.2,0.25
0x06d43c297e6b3a8a356c093f58a3f68639b422ad,PocketU Collection,POC,,5,0,0.005
0x06d56899b9ffb9dcac279a51924643f0411623ac,Battle Royale NFT,BattleRoyaleNFT,3,1,0,0.00025
0x06d64eb560f15148ce358239f3bc1c62545b6d70,Aibo Adventures,AIBO,897,1948,1.72037257182103104,2.163727549301089368
0x06da35ba5cf397f1bc9891cf8452b5a1ad428ea6,CONTRACT: EMERALD VISION,CONTRACT,888,50,0.00585480716,0.009514061635
0x06daf7e34595f9d3260dd5262dca8e3bcfeb39d5,CryptoFightersAlliance,CFA,2545,8,0.0078005,0.01045075
0x06dd13ab495fec17a3a1907a013e61c1a6f1c9a2,To The JPG,JPG,277,16,0.11055,0.152175
0x06dd25faba8f539d0311c4500022d22c5c647fb5,Lazr Gobs,LAZR,94,55,0.0098936025912,0.0134782412112
0x06de9e530e9d8a92038d69488d652f0633fd951f,Western Women,WSTRNWMN,1,1,0,0.0000025
0x06e75806cc1d510174aed109857fd26f9c8e6186,Peace Aliens,ALIEN,412,1,0.0000001,0.000000125
0x06e7ef590b58ca86297b0a183c2043c5e6ea8910,Sloth Lightning,SL,500,124,0,0.5347675
0x06eb1dd99ed2dac37d0c677114370bb656e0809a,Panlo by STARTPH,PNL,9066,5,0.000000000000000005,0.000000000000000005
0x06ec1333e4dbc2c5685cf96beb372b638ad5dd84,Alfa Proxima Offshore Club,APOC,1112,20,0.0000010148,0.000001331925
0x06ef85c7dca052aad296935d44cef572367e3de7,PrimeApeAthletes,PAA,777,1,0.00354,0.005015
0x06f192d8b7b07c58443fd2f60a03ebde58654643,BestFriend,BF,1370,8086,15.119400895817846572,20.465638153221501646
0x06f29e6f3f937280e6278864c83072e49deb6ca7,WHAT THE FFFF,WTFFFF,127,467,5.334216650910000011,6.821651998385000011
0x06f8b41b72c04b2bba587fc7b09dbfb877ca7d04,BlankFace,BF,10000,207,0.121964513759838411,0.160990474309787911
0x06f8eb6fbca13214fbdad353fdc6b3b47a1be8b8,,,,8,0,0.0064
0x06fd3999fa72163c6f21f649587e6b6d670cdc8b,sunnies,SUNNIES,9141,2152,2.195194764123844804,3.302415529156677864
0x06fd60173bf869b8ce4439e3477223c013bad466,BYOVAPE,BYOVAPE,,635,1.572211335499500341,2.735439173249250341
0x06ff10ead43d14742ed223522c639db3e608a484,IngloriousOrcsBrawlParty,IOBP,1963,2,0.000225,0.0003
0x06ff1a2b93a26719ec547129600095e725b05618,Started With,HWH,50,12,0.024490000000000001,0.024490000000000001
0x0701db1378a98fc8f454995d9d2e9f3eb60901dd,Creative Friendz,TCFC,790,734,0.348787970901022227,0.444521688626277779
0x07021c9059b217b214b7d8fababb6be20b6cc55d,FVCK NFTs,FVCK,,4,0,0.001205
0x07067111828e26508c8ea5e0fc67617f56e36aba,Zuki Club,Zuki Club,554,124,0.011434096106,0.021762442212
0x07077db408e3f621deccdf7e7974f47d706da2e2,Yukimi,Yukumi,52,1,0,0.000125
0x0707be63eed188e77e630c88986ebe33a12bfa9f,re-entry /// overheat,OVERHEAT,144,1,0,0.00025
0x07085e8d3475ea0d4a0ad3d66771961843d52732,TheFirst1000,TFK,571,16,0.016769,0.02096125
0x070caba078a620afee16c87d529e8d98b3a48fe8,TRUMP SPRAY CARDS ,TRMP,666,41,0.002686556,0.0043656535
0x0710017f631ed6554dfc42fe2d46ad3600e85389,Co2ZeroNFT,Co2,1003,252,3.045140495000000016,4.631960742500000016
0x0711cb6e99d48db331d77fe731eb10a6529669d8,.eth on canvas,ETHONCAN,6,1,0.000000000000000001,0.005000000000000001
0x07124449e30cef9bdc34793154d271e4743ad6b8,Gridos,GRIDOS,307,7,0.0014457,0.00216855
